,Loan_ID,Gender,Dependents,ApplicantIncome,CoapplicantIncome,LoanAmount,Loan_Amount_Term,Credit_History,Loan_Status (Approved),Capped_ApplicantIncome,MedianReplacedApplicantIncome,zscore,Education_Not Graduate,Married_Yes,Self_Employed_Yes
0,LP001002,1,0,0.07299082285068836,-0.5544873301529852,-0.21124124943736647,360.0,1.0,1,5849.0,5849.0,0.07299082285068836,0,0,0
1,LP001003,1,1,-0.13441195378345122,-0.03873154846446157,-0.21124124943736647,360.0,1.0,0,4583.0,4583.0,-0.13441195378345122,0,1,0
2,LP001005,1,0,-0.3937473372051281,-0.5544873301529852,-0.9489964681145835,360.0,1.0,1,3000.0,3000.0,-0.3937473372051281,0,1,1
3,LP001006,1,0,-0.4620624697931504,0.2519796016915365,-0.3064354712021687,360.0,1.0,1,2583.0,2583.0,-0.4620624697931504,1,1,0
4,LP001008,1,0,0.09772843680942066,-0.5544873301529852,-0.05655063906956289,360.0,1.0,1,6000.0,6000.0,0.09772843680942066,0,0,0
5,LP001011,1,2,0.0022183113925933404,0.8805997122641535,1.4427583537260718,360.0,1.0,1,5417.0,5417.0,0.0022183113925933404,0,1,1
6,LP001013,1,0,-0.5030187842943628,-0.03599544352181688,-0.6039174142171756,360.0,1.0,1,2333.0,2333.0,-0.5030187842943628,1,1,0
7,LP001014,1,3,-0.38784962791695354,0.30191351689480206,0.1457370821806418,360.0,0.0,0,3036.0,3036.0,-0.38784962791695354,0,1,0
8,LP001018,1,2,-0.22893912765224944,-0.03257531234351103,0.26472985938664456,360.0,1.0,1,4006.0,4006.0,-0.22893912765224944,0,1,0
9,LP001020,1,1,1.2184570268205968,3.196712546212882,2.4184991268152944,360.0,1.0,0,10171.25,3812.5,1.2184570268205968,0,1,0
10,LP001024,1,2,-0.3609822856041582,-0.31507814767157505,-0.9013993572321825,360.0,1.0,1,3200.0,3200.0,-0.3609822856041582,0,1,0
11,LP001027,1,2,-0.4756599662075529,0.07481680665529297,-0.4373275261287717,360.0,1.0,1,2500.0,2500.0,-0.4756599662075529,0,1,0
12,LP001028,1,2,-0.38178809337077413,2.2178710029817448,0.6455067464458534,360.0,1.0,1,3073.0,3073.0,-0.38178809337077413,0,1,0
13,LP001029,1,0,-0.5816549081366906,0.41682992448587897,-0.3778311375257703,360.0,1.0,0,1853.0,1853.0,-0.5816549081366906,0,0,0
14,LP001030,1,2,-0.6724141010713773,-0.18306108418896885,-1.532061076423997,120.0,1.0,1,1299.0,1299.0,-0.6724141010713773,0,1,0
15,LP001032,1,0,-0.07428808409567142,-0.5544873301529852,-0.2469390825991673,360.0,1.0,1,4950.0,4950.0,-0.07428808409567142,0,0,0
16,LP001034,1,1,-0.29610748343423776,-0.5544873301529852,-0.5444210256141742,240.0,1.0,1,3596.0,3596.0,-0.29610748343423776,1,0,0
17,LP001036,0,0,-0.31019645562265485,-0.5544873301529852,-0.8300036909085807,360.0,0.0,0,3510.0,3510.0,-0.31019645562265485,0,0,0
18,LP001038,1,0,-0.08460907534997694,-0.5544873301529852,-0.1517448608343651,360.0,1.0,0,4887.0,4887.0,-0.08460907534997694,1,1,0
19,LP001041,1,0,-0.45927744040706797,0.6425585822540657,-0.36593185980517007,360.0,1.0,1,2600.0,2600.0,-0.45927744040706797,0,1,0
20,LP001043,1,0,0.369678365097471,-0.5544873301529852,-0.49682391473177306,360.0,0.0,0,7660.0,7660.0,0.369678365097471,1,1,0
21,LP001046,1,1,0.09035630019920242,1.3693364576440608,2.013923684314885,360.0,1.0,1,5955.0,5955.0,0.09035630019920242,0,1,0
22,LP001047,1,0,-0.45927744040706797,0.09909973802126458,-0.3540325820845698,360.0,0.0,0,2600.0,2600.0,-0.45927744040706797,1,1,0
23,LP001050,2,2,-0.33395111803335803,0.10115181672824809,-0.4016296929669709,360.0,0.0,0,3365.0,3365.0,-0.33395111803335803,1,1,0
24,LP001052,1,1,-0.27628462721565095,0.44590103950147875,0.06244213813643986,360.0,1.0,0,3717.0,3717.0,-0.27628462721565095,0,1,0
25,LP001066,1,0,0.6809463553066852,-0.5544873301529852,0.5384132469604509,360.0,1.0,1,9560.0,9560.0,0.6809463553066852,0,1,1
26,LP001068,1,0,-0.4266762140641029,0.216068224319325,-0.2826369157609681,360.0,1.0,1,2799.0,2799.0,-0.4266762140641029,0,1,0
27,LP001073,1,2,-0.19289757089118253,-0.19879368760917582,-0.4254282484081714,360.0,1.0,1,4226.0,4226.0,-0.19289757089118253,1,1,0
28,LP001086,1,0,-0.6489870891766838,-0.5544873301529852,-1.317874077453192,360.0,1.0,0,1442.0,1442.0,-0.6489870891766838,1,0,0
29,LP001087,0,2,-0.2708783937014909,0.15792599428812537,-0.3064354712021687,360.0,1.0,1,3750.0,3750.0,-0.2708783937014909,0,0,0
30,LP001091,1,1,-0.2027270863714735,0.5977548638182589,0.6574060241664537,360.0,1.0,0,4166.0,4166.0,-0.2027270863714735,0,1,0
31,LP001095,1,0,-0.36638851911831827,-0.5544873301529852,-0.8538022463497813,360.0,1.0,0,3167.0,3167.0,-0.36638851911831827,0,0,0
32,LP001097,1,1,-0.11655500066092261,-0.5544873301529852,-0.4730253592905725,360.0,1.0,0,4692.0,4692.0,-0.11655500066092261,0,0,1
33,LP001098,1,0,-0.3118347082027033,0.015648537270601597,-0.3778311375257703,360.0,1.0,1,3500.0,3500.0,-0.3118347082027033,0,1,0
34,LP001100,1,3,1.162592613840943,0.4715520233387727,2.0734200729178864,360.0,1.0,0,10171.25,3812.5,1.162592613840943,0,0,0
35,LP001106,1,0,-0.512520649258644,0.152453784402836,-0.21124124943736647,360.0,1.0,1,2275.0,2275.0,-0.512520649258644,0,1,0
36,LP001109,1,0,-0.5857505395868119,-0.09960988343830587,-0.5444210256141742,360.0,0.0,0,1828.0,1828.0,-0.5857505395868119,0,1,0
37,LP001112,0,0,-0.28447589011589347,-0.055490191238160284,-0.020852805907762065,360.0,1.0,1,3667.0,3667.0,-0.28447589011589347,0,1,0
38,LP001114,1,0,-0.2027270863714735,1.9114272494055395,0.45511830291624894,360.0,1.0,1,4166.0,4166.0,-0.2027270863714735,0,0,0
39,LP001116,1,0,-0.2712060442175006,0.015990550388432185,-0.4254282484081714,360.0,1.0,1,3748.0,3748.0,-0.2712060442175006,1,0,0
40,LP001119,1,0,-0.2954521824022184,-0.5544873301529852,-0.7824065800261797,360.0,1.0,0,3600.0,3600.0,-0.2954521824022184,0,0,0
41,LP001120,1,0,-0.5903376468109477,-0.13962541822448443,-1.1750827448059888,360.0,1.0,1,1800.0,1800.0,-0.5903376468109477,0,0,0
42,LP001123,1,0,-0.4920424920080379,-0.5544873301529852,-0.841902968629181,360.0,1.0,1,2400.0,2400.0,-0.4920424920080379,0,1,0
43,LP001131,1,0,-0.23958776942256466,0.24445531309926363,-0.13984558311376483,360.0,1.0,1,3941.0,3941.0,-0.23958776942256466,0,1,0
44,LP001136,1,0,-0.11606352488690806,-0.5544873301529852,-0.5920181364965753,360.0,1.0,1,4695.0,4695.0,-0.11606352488690806,1,1,1
45,LP001137,0,0,-0.3265789814231398,-0.5544873301529852,-0.6872123582613775,360.0,1.0,1,3410.0,3410.0,-0.3265789814231398,0,0,0
46,LP001138,1,1,0.04022577124971845,-0.5544873301529852,-1.2107805779677896,360.0,1.0,1,5649.0,5649.0,0.04022577124971845,0,1,0
47,LP001144,1,0,0.06840371562655258,-0.5544873301529852,-0.020852805907762065,360.0,1.0,1,5821.0,5821.0,0.06840371562655258,0,1,0
48,LP001146,0,0,-0.45190530379684973,0.6220377951842305,-0.3064354712021687,360.0,0.0,0,2645.0,2645.0,-0.45190530379684973,0,1,0
49,LP001151,0,0,-0.22992207920027855,0.22359251291159787,-0.020852805907762065,360.0,1.0,1,4000.0,4000.0,-0.22992207920027855,0,0,0
50,LP001155,0,0,-0.5693680137863268,0.00778223556049812,-0.5444210256141742,360.0,1.0,1,1928.0,1928.0,-0.5693680137863268,1,1,0
51,LP001157,0,0,-0.3796583650167111,-0.5544873301529852,-0.3064354712021687,360.0,1.0,1,3086.0,3086.0,-0.3796583650167111,0,0,0
52,LP001164,0,0,-0.19224226985916312,-0.5544873301529852,-0.4016296929669709,360.0,1.0,0,4230.0,4230.0,-0.19224226985916312,0,0,0
53,LP001179,1,2,-0.1290057202692912,-0.5544873301529852,-0.13984558311376483,360.0,1.0,0,4616.0,4616.0,-0.1290057202692912,0,1,0
54,LP001186,0,1,0.9987673558360934,-0.5544873301529852,1.6688446304174769,360.0,0.0,0,10171.25,3812.5,0.9987673558360934,0,1,1
55,LP001194,1,2,-0.4415843125425442,-0.1553580216446914,-0.580118858775975,360.0,1.0,1,2708.0,2708.0,-0.4415843125425442,0,1,0
56,LP001195,1,0,-0.5359476611533376,-0.010344459684522937,-0.5920181364965753,360.0,1.0,1,2132.0,2132.0,-0.5359476611533376,0,1,0
57,LP001197,1,0,-0.3337872927753532,0.19794152907430393,-0.12794630539316454,360.0,1.0,0,3366.0,3366.0,-0.3337872927753532,0,1,0
58,LP001198,1,1,0.4384849734595078,0.21504218496583322,0.40752119203384785,360.0,1.0,1,8080.0,8080.0,0.4384849734595078,0,1,0
59,LP001199,1,2,-0.3352617200973968,0.4233281737246601,-0.020852805907762065,360.0,1.0,1,3357.0,3357.0,-0.3352617200973968,1,1,0
60,LP001205,1,0,-0.4756599662075529,0.743794465131919,-0.3064354712021687,360.0,1.0,1,2500.0,2500.0,-0.4756599662075529,0,1,0
61,LP001206,1,3,-0.38899640472298747,-0.5544873301529852,-0.5563203033347744,360.0,1.0,1,3029.0,3029.0,-0.38899640472298747,0,1,0
62,LP001207,1,0,-0.4578030130850243,0.6251159132447058,0.2290320262248437,180.0,0.0,0,2609.0,2609.0,-0.4578030130850243,1,1,1
63,LP001213,1,1,-0.07510721038569566,-0.5544873301529852,-0.21124124943736647,360.0,0.0,0,4945.0,4945.0,-0.07510721038569566,0,1,0
64,LP001222,0,0,-0.2027270863714735,-0.5544873301529852,-0.3540325820845698,360.0,0.0,0,4166.0,4166.0,-0.2027270863714735,0,0,0
65,LP001225,1,0,0.052840316116091864,1.0170629462785572,1.3356648542406693,360.0,1.0,0,5726.0,5726.0,0.052840316116091864,0,1,0
66,LP001228,1,0,-0.3609822856041582,0.21641023743715557,-0.23503980487856702,180.0,0.0,0,3200.0,3200.0,-0.3609822856041582,1,0,0
67,LP001233,1,1,0.8758984123324562,-0.5544873301529852,1.9782258511530841,360.0,1.0,1,10171.25,3812.5,0.8758984123324562,0,1,0
68,LP001238,1,3,0.2779362206147552,-0.5544873301529852,-0.2469390825991673,60.0,1.0,1,7100.0,7100.0,0.2779362206147552,1,1,1
69,LP001241,0,0,-0.18077450179882365,-0.5544873301529852,-0.11604702767256427,360.0,0.0,0,4300.0,4300.0,-0.18077450179882365,0,0,0
70,LP001243,1,0,-0.3596716835401194,0.4941248891155914,0.31232697026904566,360.0,1.0,1,3208.0,3208.0,-0.3596716835401194,0,1,0
71,LP001245,1,2,-0.5780507524605839,0.08678726577936348,-0.580118858775975,360.0,1.0,1,1875.0,1875.0,-0.5780507524605839,1,1,1
72,LP001248,1,0,-0.3118347082027033,-0.5544873301529852,-0.7705073023055794,300.0,1.0,1,3500.0,3500.0,-0.3118347082027033,0,0,0
73,LP001250,1,3,-0.10623400940661709,-0.5544873301529852,-0.6039174142171756,360.0,0.0,0,4755.0,4755.0,-0.10623400940661709,1,1,0
74,LP001253,1,3,-0.02251930256613895,0.052243940878474296,0.49081613607804975,360.0,1.0,1,5266.0,5266.0,-0.02251930256613895,0,1,1
75,LP001255,1,0,-0.2708783937014909,-0.5544873301529852,-0.3897304152463706,480.0,1.0,0,3750.0,3750.0,-0.2708783937014909,0,0,0
76,LP001256,1,0,-0.2708783937014909,1.0700749795422981,0.35992408115144675,360.0,1.0,0,3750.0,3750.0,-0.2708783937014909,0,0,0
77,LP001259,1,1,-0.7213978532148273,0.4790763119310456,-0.4254282484081714,360.0,1.0,0,1000.0,1000.0,-0.7213978532148273,0,1,1
78,LP001263,1,3,-0.36638851911831827,0.8135651411693586,0.40752119203384785,300.0,0.0,0,3167.0,3167.0,-0.36638851911831827,0,1,0
79,LP001264,1,3,-0.3391935262895132,0.18631308306806402,-0.18744269399616592,360.0,1.0,1,3333.0,3333.0,-0.3391935262895132,1,1,1
80,LP001265,0,0,-0.25515116893302536,-0.5544873301529852,-0.41352897068757116,360.0,1.0,1,3846.0,3846.0,-0.25515116893302536,0,0,0
81,LP001266,1,1,-0.49286161829806213,-0.5544873301529852,-0.21124124943736647,360.0,1.0,1,2395.0,2395.0,-0.49286161829806213,0,1,1
82,LP001267,0,2,-0.6594719056889942,0.088839344486347,0.2528305816660443,360.0,1.0,0,1378.0,1378.0,-0.6594719056889942,0,1,0
83,LP001273,1,0,0.09772843680942066,0.21504218496583322,1.4189597982848712,360.0,1.0,0,6000.0,6000.0,0.09772843680942066,0,1,0
84,LP001275,1,1,-0.23188798229633673,-0.5544873301529852,-1.1393849116441879,240.0,1.0,1,3988.0,3988.0,-0.23188798229633673,0,1,0
85,LP001279,1,0,-0.4976125507802028,0.3111478710762279,-0.11604702767256427,360.0,1.0,1,2366.0,2366.0,-0.4976125507802028,0,0,0
86,LP001280,1,2,-0.3391935262895132,0.12953890550818672,-0.5563203033347744,360.0,1.0,1,3333.0,3333.0,-0.3391935262895132,1,1,0
87,LP001282,1,0,-0.4756599662075529,0.16989645341219586,-0.49682391473177306,360.0,1.0,1,2500.0,2500.0,-0.4756599662075529,0,1,0
88,LP001289,1,0,0.5181040488498647,-0.5544873301529852,0.7644995236518561,360.0,1.0,1,8566.0,8566.0,0.5181040488498647,0,0,0
89,LP001310,1,0,0.047761733117941525,0.8706813318470665,0.34802480343084646,360.0,1.0,1,5695.0,5695.0,0.047761733117941525,0,1,0
90,LP001316,1,0,-0.4006279980413318,0.43735071155571414,-0.17554341627556563,360.0,1.0,1,2958.0,2958.0,-0.4006279980413318,0,1,0
91,LP001318,1,2,0.13868475131063304,1.3792548380611478,0.50271541379865,180.0,1.0,1,6250.0,6250.0,0.13868475131063304,0,1,0
92,LP001319,1,2,-0.3490230417698042,0.06797654429868126,-0.7705073023055794,360.0,1.0,1,3273.0,3273.0,-0.3490230417698042,1,1,0
93,LP001322,1,0,-0.20813331988563355,-0.5544873301529852,-0.2826369157609681,360.0,1.0,1,4133.0,4133.0,-0.20813331988563355,0,0,0
94,LP001325,1,0,-0.2921756772421214,-0.5544873301529852,-1.4368668546591947,120.0,1.0,1,3620.0,3620.0,-0.2921756772421214,1,0,0
95,LP001326,1,0,0.22583978856921302,-0.5544873301529852,-0.21124124943736647,360.0,1.0,0,6782.0,6782.0,0.22583978856921302,0,0,0
96,LP001327,0,0,-0.4782811703356305,0.2328268670930237,-0.10414774995196399,360.0,1.0,1,2484.0,2484.0,-0.4782811703356305,0,1,0
97,LP001333,1,0,-0.5613405761440893,-0.213500251675891,-1.1393849116441879,360.0,1.0,1,1977.0,1977.0,-0.5613405761440893,0,1,0
98,LP001334,1,0,-0.19912293069536682,-0.5544873301529852,-0.36593185980517007,180.0,1.0,1,4188.0,4188.0,-0.19912293069536682,1,1,0
99,LP001343,1,0,-0.5970544823891465,0.6565811200851197,-0.17554341627556563,360.0,1.0,1,1759.0,1759.0,-0.5970544823891465,0,1,0
100,LP001345,1,2,-0.18274040489488186,0.5615014733282169,-0.1517448608343651,180.0,1.0,1,4288.0,4288.0,-0.18274040489488186,1,1,0
101,LP001349,1,0,-0.09181738670219032,0.7472145963102249,0.06244213813643986,360.0,1.0,1,4843.0,4843.0,-0.09181738670219032,0,0,0
102,LP001350,1,0,1.35099166054652,-0.5544873301529852,-0.21124124943736647,360.0,1.0,1,10171.25,3812.5,1.35099166054652,0,1,0
103,LP001356,1,0,-0.1231080109811166,0.6709456710340044,-0.21124124943736647,360.0,1.0,1,4652.0,4652.0,-0.1231080109811166,0,1,0
104,LP001357,1,0,-0.26006592667317086,-0.2966094393087234,0.16953563762184234,360.0,1.0,1,3816.0,3816.0,-0.26006592667317086,0,1,0
105,LP001367,1,1,-0.38522842378887595,-0.20221381878748168,-0.5444210256141742,360.0,1.0,1,3052.0,3052.0,-0.38522842378887595,0,1,0
106,LP001369,1,2,0.9851698594216909,-0.16938055947574543,0.9429886894608602,360.0,1.0,1,10171.25,3812.5,0.9851698594216909,0,1,0
107,LP001370,1,0,0.31610750572988516,-0.5544873301529852,-0.3064354712021687,360.0,1.0,0,7333.0,7333.0,0.31610750572988516,1,0,0
108,LP001379,1,2,-0.26268713080124845,0.6767598940371243,0.8358951899754578,360.0,0.0,0,3800.0,3800.0,-0.26268713080124845,0,1,0
109,LP001384,1,3,-0.5459410018916334,-0.2966094393087234,-0.6158166919377758,480.0,1.0,1,2071.0,2071.0,-0.5459410018916334,1,1,0
110,LP001385,1,0,-0.014328039665896469,-0.5544873301529852,-0.11604702767256427,360.0,1.0,1,5316.0,5316.0,-0.014328039665896469,0,0,0
111,LP001387,0,0,-0.40537893052347246,0.24342927374577186,-0.08034919451076344,360.0,1.0,1,2929.0,2929.0,-0.40537893052347246,0,1,0
112,LP001391,1,0,-0.3000392896263542,0.8525546366020454,0.07434141585704014,360.0,0.0,0,3572.0,3572.0,-0.3000392896263542,1,1,0
113,LP001392,0,1,0.33543888617445744,-0.5544873301529852,-0.21124124943736647,360.0,1.0,1,7451.0,7451.0,0.33543888617445744,0,0,1
114,LP001398,1,0,-0.05790555829518646,-0.5544873301529852,-0.3302340266433692,360.0,1.0,1,5050.0,5050.0,-0.05790555829518646,0,0,0
115,LP001401,1,1,1.5038406262650446,-0.5544873301529852,0.4670175806368492,180.0,1.0,1,10171.25,3812.5,1.5038406262650446,0,1,0
116,LP001404,0,0,-0.36638851911831827,0.22632861785424258,0.09813997129824069,360.0,1.0,1,3167.0,3167.0,-0.36638851911831827,0,1,0
117,LP001405,1,1,-0.5225139899969399,-0.07635299142582604,-0.7229101914231782,360.0,1.0,1,2214.0,2214.0,-0.5225139899969399,0,1,0
118,LP001421,1,0,0.02695592535132563,0.17810476824012994,0.34802480343084646,360.0,1.0,0,5568.0,5568.0,0.02695592535132563,0,1,0
119,LP001422,0,0,0.8198701740947977,-0.5544873301529852,1.3475641319612697,360.0,1.0,1,10171.25,3812.5,0.8198701740947977,0,0,0
120,LP001426,1,0,0.04317462589380574,0.3576616551011876,0.40752119203384785,360.0,1.0,1,5667.0,5667.0,0.04317462589380574,0,1,0
121,LP001430,0,0,-0.2027270863714735,-0.5544873301529852,-1.2107805779677896,360.0,1.0,1,4166.0,4166.0,-0.2027270863714735,0,0,0
122,LP001431,0,0,-0.5351285348633134,2.5167904679656767,-0.10414774995196399,360.0,0.0,1,2137.0,2137.0,-0.5351285348633134,0,0,0
123,LP001432,1,2,-0.40079182329933666,-0.5544873301529852,-0.7705073023055794,360.0,1.0,1,2957.0,2957.0,-0.40079182329933666,0,1,0
124,LP001439,1,0,-0.18077450179882365,0.13432708915781494,0.5741110801222516,360.0,1.0,1,4300.0,4300.0,-0.18077450179882365,1,1,0
125,LP001443,0,0,-0.2803802586657722,-0.5544873301529852,-0.6277159696583761,360.0,1.0,1,3692.0,3692.0,-0.2803802586657722,0,0,0
126,LP001448,2,3,3.014309505069758,-0.5544873301529852,2.6683839589479,360.0,1.0,1,10171.25,3812.5,3.014309505069758,0,1,0
127,LP001449,1,0,-0.25203848903093323,0.006414183089175776,-0.21124124943736647,360.0,1.0,1,3865.0,3865.0,-0.25203848903093323,0,0,0
128,LP001451,1,1,0.8370718261853068,0.7622631734947707,0.16953563762184234,180.0,0.0,0,10171.25,3812.5,0.8370718261853068,0,1,1
129,LP001465,1,0,0.11083445744980862,0.32414436955379017,0.43131974747504837,360.0,1.0,0,6080.0,6080.0,0.11083445744980862,0,1,0
130,LP001469,1,0,2.4184770417061197,-0.5544873301529852,6.000181720715977,480.0,1.0,1,10171.25,3812.5,2.4184770417061197,0,0,1
131,LP001473,1,0,-0.5552790415979099,0.10525597414221513,-0.8538022463497813,360.0,1.0,1,2014.0,2014.0,-0.5552790415979099,0,0,0
132,LP001478,1,0,-0.4399460599624957,-0.5544873301529852,-0.9013993572321825,360.0,1.0,1,2718.0,2718.0,-0.4399460599624957,0,0,0
133,LP001482,1,0,-0.31855154378090217,-0.5544873301529852,-1.4368668546591947,120.0,1.0,1,3459.0,3459.0,-0.31855154378090217,0,1,1
134,LP001487,1,0,-0.08329847328593815,-0.5544873301529852,-0.5206224701729736,360.0,1.0,1,4895.0,4895.0,-0.08329847328593815,0,0,0
135,LP001488,1,3,-0.22992207920027855,2.096114333034056,1.716441741299878,360.0,1.0,0,4000.0,4000.0,-0.22992207920027855,0,1,0
136,LP001489,0,0,-0.13441195378345122,-0.5544873301529852,-0.7348094691437785,360.0,1.0,0,4583.0,4583.0,-0.13441195378345122,0,1,0
137,LP001491,1,2,-0.34197855567559565,0.6425585822540657,-0.6872123582613775,360.0,1.0,1,3316.0,3316.0,-0.34197855567559565,0,1,1
138,LP001492,1,0,1.571991933595062,-0.5544873301529852,1.145276410711065,360.0,0.0,0,10171.25,3812.5,1.571991933595062,0,0,0
139,LP001493,1,2,-0.19715702759930862,-0.06540857165524729,-0.19934197171676618,360.0,1.0,0,4200.0,4200.0,-0.19715702759930862,1,1,0
140,LP001497,1,2,-0.05921616035922526,0.15792599428812537,0.4670175806368492,360.0,1.0,0,5042.0,5042.0,-0.05921616035922526,0,1,0
141,LP001498,1,0,0.0022183113925933404,-0.5544873301529852,0.26472985938664456,360.0,1.0,1,5417.0,5417.0,0.0022183113925933404,0,0,0
142,LP001504,1,0,0.25336243191402774,-0.5544873301529852,0.34802480343084646,180.0,1.0,1,6950.0,6950.0,0.25336243191402774,0,0,1
143,LP001507,1,0,-0.4432225651225927,0.14116735151442666,-0.2826369157609681,360.0,1.0,1,2698.0,2698.0,-0.4432225651225927,0,1,0
144,LP001508,1,2,1.0408704471433399,-0.5544873301529852,0.49081613607804975,180.0,1.0,1,10171.25,3812.5,1.0408704471433399,0,1,0
145,LP001514,0,0,-0.5035102600683774,0.9797835164350234,-0.5444210256141742,360.0,1.0,1,2330.0,2330.0,-0.5035102600683774,0,1,0
146,LP001516,0,2,1.550203174280417,-0.5544873301529852,-0.9013993572321825,360.0,1.0,1,10171.25,3812.5,1.550203174280417,0,1,0
147,LP001518,1,1,-0.6332598644082182,-0.06711863724440022,-1.3773704660561934,360.0,1.0,1,1538.0,1538.0,-0.6332598644082182,0,1,0
148,LP001519,0,0,0.753029468828819,0.015306524152771011,0.9429886894608602,360.0,1.0,0,10000.0,10000.0,0.753029468828819,0,0,0
149,LP001520,1,0,-0.08903235731610788,-0.2706164423535989,-0.2469390825991673,360.0,1.0,1,4860.0,4860.0,-0.08903235731610788,0,1,0
150,LP001528,1,0,0.143108033276764,-0.5544873301529852,-0.3302340266433692,360.0,0.0,0,6277.0,6277.0,0.143108033276764,0,0,0
151,LP001529,1,0,-0.4630454213411795,0.7280618617117122,0.07434141585704014,360.0,1.0,1,2577.0,2577.0,-0.4630454213411795,0,1,1
152,LP001531,1,0,0.6163992036527745,-0.5544873301529852,1.1690749661522655,360.0,1.0,0,9166.0,9166.0,0.6163992036527745,0,0,0
153,LP001532,1,2,-0.511537697710615,-0.5544873301529852,-0.3897304152463706,360.0,1.0,0,2281.0,2281.0,-0.511537697710615,1,1,0
154,LP001535,1,0,-0.35213572167189633,-0.5544873301529852,-1.1393849116441879,360.0,1.0,1,3254.0,3254.0,-0.35213572167189633,0,0,0
155,LP001536,1,3,5.667623383716302,-0.5544873301529852,5.405217834685963,180.0,0.0,1,10171.25,3812.5,5.667623383716302,0,1,0
156,LP001541,1,1,0.09772843680942066,-0.5544873301529852,0.16953563762184234,360.0,1.0,1,6000.0,6000.0,0.09772843680942066,0,1,0
157,LP001543,1,1,0.6773421996305785,-0.5544873301529852,0.49081613607804975,360.0,1.0,1,9538.0,9538.0,0.6773421996305785,0,1,0
158,LP001546,1,0,-0.39702384236522514,0.15792599428812537,-0.3064354712021687,360.0,1.0,1,2980.0,2980.0,-0.39702384236522514,0,0,0
159,LP001552,1,0,-0.13441195378345122,1.3693364576440608,1.2999670210788685,360.0,1.0,1,4583.0,4583.0,-0.13441195378345122,0,1,0
160,LP001560,1,0,-0.5800166555566422,-0.19845167449134524,-0.5682195810553747,360.0,1.0,1,1863.0,1863.0,-0.5800166555566422,1,1,0
161,LP001562,1,0,0.4144026605327949,-0.5544873301529852,1.537952575490874,360.0,1.0,0,7933.0,7933.0,0.4144026605327949,0,1,0
162,LP001565,1,1,-0.37916688924269654,-0.11671053932983518,-0.2945361934815684,360.0,0.0,0,3089.0,3089.0,-0.37916688924269654,0,1,0
163,LP001570,1,2,-0.20256326111346865,-0.059594348652127316,0.1457370821806418,360.0,1.0,1,4167.0,4167.0,-0.20256326111346865,0,1,0
164,LP001572,1,0,0.6421197691595358,-0.5544873301529852,-0.841902968629181,180.0,1.0,1,9323.0,9323.0,0.6421197691595358,0,1,0
165,LP001574,1,0,-0.27792287979569946,0.52832620089865,0.43131974747504837,360.0,1.0,1,3707.0,3707.0,-0.27792287979569946,0,1,0
166,LP001577,0,0,-0.13441195378345122,-0.5544873301529852,-0.4016296929669709,360.0,1.0,0,4583.0,4583.0,-0.13441195378345122,0,1,0
167,LP001578,1,0,-0.48565330694584874,0.5854423915763578,-0.19934197171676618,360.0,1.0,1,2439.0,2439.0,-0.48565330694584874,0,1,0
168,LP001579,1,0,-0.5187460090628284,-0.5544873301529852,-0.9846943012763844,480.0,0.0,0,2237.0,2237.0,-0.5187460090628284,0,0,0
169,LP001580,1,2,0.42537895281911986,-0.5544873301529852,0.6455067464458534,360.0,1.0,1,8000.0,8000.0,0.42537895281911986,0,1,0
170,LP001581,1,0,-0.5870611416508507,0.05053387528932137,-0.6039174142171756,360.0,1.0,1,1820.0,1820.0,-0.5870611416508507,1,1,0
171,LP001585,2,3,7.594863718885352,-0.5544873301529852,6.59514560674599,300.0,1.0,1,10171.25,3812.5,7.594863718885352,0,1,0
172,LP001586,1,3,-0.30823055252659665,-0.5544873301529852,-0.7705073023055794,180.0,1.0,0,3522.0,3522.0,-0.30823055252659665,1,1,0
173,LP001594,1,0,0.04989146147200457,1.3693364576440608,0.49081613607804975,360.0,1.0,1,5708.0,5708.0,0.04989146147200457,0,1,0
174,LP001603,1,0,-0.17356619044661029,-0.302765675429674,-0.6991116359819778,360.0,1.0,0,4344.0,4344.0,-0.17356619044661029,1,1,1
175,LP001606,1,0,-0.31232618397671785,0.11722643326628564,-0.3540325820845698,360.0,1.0,1,3497.0,3497.0,-0.31232618397671785,0,1,0
176,LP001608,1,2,-0.5502004585997595,-0.0007680923852665297,-0.5325217478935739,360.0,1.0,1,2045.0,2045.0,-0.5502004585997595,0,1,0
177,LP001610,1,3,0.01843701193507345,3.3102609013326365,4.155793674022934,360.0,0.0,0,5516.0,5516.0,0.01843701193507345,0,1,0
178,LP001616,1,1,-0.2708783937014909,-0.5544873301529852,-0.3540325820845698,360.0,1.0,1,3750.0,3750.0,-0.2708783937014909,0,1,0
179,LP001630,1,0,-0.5030187842943628,-0.05822629618080497,-0.5206224701729736,480.0,0.0,0,2333.0,2333.0,-0.5030187842943628,1,0,0
180,LP001633,1,1,0.1632585400113605,1.925107774118763,0.40752119203384785,360.0,0.0,0,6400.0,6400.0,0.1632585400113605,0,1,0
181,LP001634,1,0,-0.5713339168823851,1.1771250854232715,-0.9370971903939832,360.0,1.0,0,1916.0,1916.0,-0.5713339168823851,0,0,0
182,LP001636,1,0,-0.13162692439736878,-0.5544873301529852,-0.8657015240703816,180.0,1.0,1,4600.0,4600.0,-0.13162692439736878,0,1,0
183,LP001637,1,1,4.659606571212462,-0.5544873301529852,1.3594634096818698,360.0,1.0,0,10171.25,3812.5,4.659606571212462,0,1,0
184,LP001639,0,0,-0.2913565509520971,-0.5544873301529852,-0.44922680384937197,360.0,1.0,1,3625.0,3625.0,-0.2913565509520971,0,1,0
185,LP001640,1,0,5.52804426389617,1.0700749795422981,-0.3064354712021687,360.0,1.0,1,10171.25,3812.5,5.52804426389617,0,1,1
186,LP001641,1,1,-0.5284116992851144,-0.5544873301529852,-0.9489964681145835,300.0,0.0,0,2178.0,2178.0,-0.5284116992851144,0,1,1
187,LP001643,1,0,-0.49482752139412034,0.1767367157688076,-1.0441906898793858,360.0,1.0,1,2383.0,2383.0,-0.49482752139412034,0,1,0
188,LP001644,2,0,-0.7748048873244083,1.256814141877798,0.26472985938664456,360.0,1.0,1,674.0,674.0,-0.7748048873244083,0,1,1
189,LP001647,1,0,0.6429388954495601,-0.5544873301529852,0.50271541379865,180.0,1.0,1,9328.0,9328.0,0.6429388954495601,0,1,0
190,LP001653,1,0,-0.08493672586598665,-0.5544873301529852,-1.1631834670853884,360.0,1.0,1,4885.0,4885.0,-0.08493672586598665,1,0,0
191,LP001656,1,0,1.0806799848385182,-0.5544873301529852,0.21713274850424344,360.0,1.0,0,10171.25,3812.5,1.0806799848385182,0,0,0
192,LP001657,1,0,0.10313467032358069,-0.5544873301529852,0.16953563762184234,360.0,1.0,0,6033.0,6033.0,0.10313467032358069,1,1,0
193,LP001658,1,0,-0.25318526583696715,-0.5544873301529852,-0.8300036909085807,360.0,1.0,1,3858.0,3858.0,-0.25318526583696715,0,0,0
194,LP001664,1,0,-0.19863145492135226,-0.5544873301529852,-0.3064354712021687,360.0,1.0,1,4191.0,4191.0,-0.19863145492135226,0,0,0
195,LP001665,1,1,-0.3732691799545219,0.32893255320341835,0.2885284148278451,360.0,1.0,0,3125.0,3125.0,-0.3732691799545219,0,1,0
196,LP001666,1,0,0.47993276373473476,0.7280618617117122,0.49081613607804975,360.0,1.0,1,8333.0,8333.0,0.47993276373473476,0,0,0
197,LP001669,0,0,-0.5728083442044287,0.25437369351635064,-0.3064354712021687,360.0,1.0,1,1907.0,1907.0,-0.5728083442044287,1,0,0
198,LP001671,0,0,-0.3255960298751107,0.4086216096579449,-0.3897304152463706,360.0,1.0,1,3416.0,3416.0,-0.3255960298751107,0,1,0
199,LP001673,1,0,0.9168547268336686,-0.5544873301529852,-0.7467087468643788,360.0,1.0,0,10171.25,3812.5,0.9168547268336686,0,0,1
200,LP001674,1,1,-0.45927744040706797,0.30054546442347974,-0.6634138028201769,360.0,1.0,1,2600.0,2600.0,-0.45927744040706797,1,1,0
201,LP001677,1,2,-0.07871136606180236,-0.5544873301529852,0.240931303945444,360.0,0.0,1,4923.0,4923.0,-0.07871136606180236,0,0,0
202,LP001682,1,3,-0.23123268126431734,-0.5544873301529852,-0.21124124943736647,180.0,1.0,0,3992.0,3992.0,-0.23123268126431734,1,1,0
203,LP001688,1,1,-0.3118347082027033,-0.18408712354246062,-0.12794630539316454,360.0,1.0,1,3500.0,3500.0,-0.3118347082027033,1,1,0
204,LP001691,1,2,-0.24351957561468104,-0.5544873301529852,-0.2588383603197676,360.0,1.0,1,3917.0,3917.0,-0.24351957561468104,1,1,0
205,LP001692,0,0,-0.1630813739342999,-0.5544873301529852,-0.3064354712021687,360.0,1.0,1,4408.0,4408.0,-0.1630813739342999,1,0,0
206,LP001693,0,0,-0.35377397425194484,-0.5544873301529852,-0.7824065800261797,360.0,1.0,1,3244.0,3244.0,-0.35377397425194484,0,0,0
207,LP001698,1,0,-0.23401771065039978,0.3111478710762279,-1.0798885230411865,360.0,1.0,1,3975.0,3975.0,-0.23401771065039978,1,0,0
208,LP001699,1,0,-0.4791002966256548,-0.5544873301529852,-1.0322914121587854,360.0,1.0,1,2479.0,2479.0,-0.4791002966256548,0,0,0
209,LP001702,1,0,-0.325268379359101,-0.5544873301529852,-0.22314052715796673,360.0,1.0,0,3418.0,3418.0,-0.325268379359101,0,0,0
210,LP001708,0,0,0.753029468828819,-0.5544873301529852,0.8120966345342572,360.0,1.0,0,10000.0,10000.0,0.753029468828819,0,0,0
211,LP001711,1,3,-0.3233024762630428,-0.12697093286475275,-0.21124124943736647,360.0,0.0,0,3430.0,3430.0,-0.3233024762630428,0,1,0
212,LP001713,1,1,0.3904841728640869,-0.5544873301529852,1.1214778552698643,360.0,1.0,1,7787.0,7787.0,0.3904841728640869,0,1,1
213,LP001715,1,3,0.04907233518198032,-0.5544873301529852,-0.18744269399616592,360.0,1.0,1,5703.0,5703.0,0.04907233518198032,1,1,1
214,LP001716,1,0,-0.36540556757028914,0.478734298813215,-0.10414774995196399,360.0,1.0,1,3173.0,3173.0,-0.36540556757028914,0,1,0
215,LP001720,1,3,-0.254495867901006,-0.21828843532551923,-0.5444210256141742,360.0,1.0,1,3850.0,3850.0,-0.254495867901006,1,1,0
216,LP001722,1,0,-0.8606493225189494,0.061136281942069534,-0.12794630539316454,360.0,1.0,0,150.0,150.0,-0.8606493225189494,0,1,0
217,LP001726,1,0,-0.2746463746356025,0.052585953996304884,-0.17554341627556563,360.0,1.0,1,3727.0,3727.0,-0.2746463746356025,0,1,0
218,LP001732,1,2,-0.06609682119542894,-0.5544873301529852,-0.8776008017909819,360.0,0.0,0,5000.0,5000.0,-0.06609682119542894,0,1,0
219,LP001734,0,2,-0.1835595311849061,0.26052992963730115,-0.22314052715796673,360.0,1.0,1,4283.0,4283.0,-0.1835595311849061,0,1,0
220,LP001736,1,0,-0.521367213190906,-0.5544873301529852,-1.0203921344381852,360.0,0.0,0,2221.0,2221.0,-0.521367213190906,0,1,0
221,LP001743,1,2,-0.22844765187823488,0.032749193162130895,-0.3540325820845698,360.0,1.0,1,4009.0,4009.0,-0.22844765187823488,0,1,0
222,LP001744,1,0,-0.39849826968726876,0.40007128171218026,-0.020852805907762065,360.0,1.0,1,2971.0,2971.0,-0.39849826968726876,0,0,0
223,LP001749,1,0,0.35624469394107333,-0.2090540811440934,0.34802480343084646,360.0,1.0,1,7578.0,7578.0,0.35624469394107333,0,1,0
224,LP001750,1,0,0.13868475131063304,-0.5544873301529852,-0.21124124943736647,360.0,1.0,1,6250.0,6250.0,0.13868475131063304,0,1,0
225,LP001751,1,0,-0.3527910227039157,-0.5544873301529852,0.2885284148278451,360.0,1.0,0,3250.0,3250.0,-0.3527910227039157,0,1,0
226,LP001754,1,0,-0.10951051456671408,-0.5544873301529852,-0.09224847223136372,360.0,1.0,0,4735.0,4735.0,-0.10951051456671408,1,1,1
227,LP001758,1,2,0.13868475131063304,0.025224904569858004,0.7644995236518561,360.0,1.0,1,6250.0,6250.0,0.13868475131063304,0,1,0
228,LP001760,1,0,-0.10574253363260254,-0.5544873301529852,0.1457370821806418,480.0,1.0,1,4758.0,4758.0,-0.10574253363260254,0,1,0
229,LP001761,1,0,0.1632585400113605,-0.5544873301529852,0.6455067464458534,360.0,1.0,1,6400.0,6400.0,0.1632585400113605,0,0,1
230,LP001765,1,1,-0.4771343935295966,0.14800761387103836,-0.49682391473177306,360.0,1.0,1,2491.0,2491.0,-0.4771343935295966,0,1,0
231,LP001768,1,0,-0.2764484524736558,-0.5544873301529852,-1.2345791334089902,180.0,1.0,1,3716.0,3716.0,-0.2764484524736558,0,1,0
232,LP001770,1,0,-0.36278436344221154,0.33406274997087715,-0.3064354712021687,360.0,1.0,1,3189.0,3189.0,-0.36278436344221154,1,0,0
233,LP001776,0,0,0.47993276373473476,-0.5544873301529852,1.5974489640938754,360.0,1.0,1,8333.0,8333.0,0.47993276373473476,0,0,0
234,LP001778,1,1,-0.3683544222143764,0.05395400646762723,-0.06844991679016317,360.0,1.0,1,3155.0,3155.0,-0.3683544222143764,0,1,0
235,LP001784,1,1,0.015815807806995857,-0.1235508016864469,0.2885284148278451,360.0,1.0,1,5500.0,5500.0,0.015815807806995857,0,1,0
236,LP001786,1,0,0.056116821276188854,-0.5544873301529852,1.2999670210788685,360.0,1.0,0,5746.0,5746.0,0.056116821276188854,0,1,0
237,LP001788,0,0,-0.3178962427488828,-0.5544873301529852,-0.2826369157609681,360.0,1.0,1,3463.0,3463.0,-0.3178962427488828,0,0,1
238,LP001790,0,1,-0.26072122770519024,-0.5544873301529852,-0.4016296929669709,360.0,1.0,1,3812.0,3812.0,-0.26072122770519024,0,0,0
239,LP001792,1,1,-0.3421423809336005,-0.5544873301529852,-0.5920181364965753,360.0,1.0,1,3315.0,3315.0,-0.3421423809336005,0,1,0
240,LP001798,1,2,0.06807606511054287,1.1555782589999446,-0.3064354712021687,360.0,1.0,1,5819.0,5819.0,0.06807606511054287,0,1,0
241,LP001800,1,1,-0.47402171362750445,0.12372468250506677,-0.06844991679016317,180.0,1.0,0,2510.0,2510.0,-0.47402171362750445,1,1,0
242,LP001806,1,0,-0.3994812212352979,1.3953294545991854,0.11003924901884096,60.0,1.0,1,2965.0,2965.0,-0.3994812212352979,0,0,0
243,LP001807,1,2,0.13868475131063304,-0.10987027697322346,-0.44922680384937197,360.0,1.0,1,6250.0,6250.0,0.13868475131063304,0,1,1
244,LP001811,1,0,-0.3272342824551592,0.956184611304713,-0.2707376380403678,360.0,1.0,1,3406.0,3406.0,-0.3272342824551592,1,1,0
245,LP001813,1,0,0.10591969970966313,0.9274555094069438,-0.3064354712021687,180.0,1.0,0,6050.0,6050.0,0.10591969970966313,0,0,1
246,LP001814,1,2,0.7043733672013787,-0.5544873301529852,-0.4016296929669709,360.0,1.0,1,9703.0,9703.0,0.7043733672013787,0,1,0
247,LP001819,1,1,0.1973341936763692,-0.5544873301529852,-0.10414774995196399,180.0,1.0,1,6608.0,6608.0,0.1973341936763692,1,1,0
248,LP001824,1,1,-0.4130787176497004,0.07584284600878473,-0.2707376380403678,480.0,1.0,1,2882.0,2882.0,-0.4130787176497004,0,1,0
249,LP001825,1,0,-0.588863219488904,0.08439317395454939,-0.6634138028201769,360.0,1.0,1,1809.0,1809.0,-0.588863219488904,0,1,0
250,LP001835,1,0,-0.6119625808675878,0.7759436982079941,0.6574060241664537,360.0,0.0,0,1668.0,1668.0,-0.6119625808675878,1,1,0
251,LP001836,0,2,-0.32379395203705735,-0.5544873301529852,-0.09224847223136372,360.0,1.0,0,3427.0,3427.0,-0.32379395203705735,0,0,0
252,LP001841,1,0,-0.4620624697931504,0.1866550961858946,-0.49682391473177306,360.0,1.0,1,2583.0,2583.0,-0.4620624697931504,1,0,1
253,LP001843,1,1,-0.44928409966877214,1.8741478195620058,1.585549686373275,180.0,1.0,1,2661.0,2661.0,-0.44928409966877214,1,1,0
254,LP001844,1,0,1.7769373313591288,-0.5544873301529852,0.5503125246810512,360.0,0.0,0,10171.25,3812.5,1.7769373313591288,0,0,1
255,LP001846,0,3,-0.3801498407907256,-0.5544873301529852,1.2999670210788685,360.0,1.0,1,3083.0,3083.0,-0.3801498407907256,0,0,0
256,LP001849,1,0,0.10510057341963888,-0.5544873301529852,-0.36593185980517007,360.0,0.0,0,6045.0,6045.0,0.10510057341963888,1,0,0
257,LP001854,1,3,-0.025140506694216542,-0.5544873301529852,-0.6158166919377758,360.0,1.0,0,5250.0,5250.0,-0.025140506694216542,0,1,0
258,LP001859,1,0,1.5202231520655296,0.16374021729124533,1.8830316293882818,360.0,1.0,0,10171.25,3812.5,1.5202231520655296,0,1,0
259,LP001864,1,3,-0.07740076399776356,-0.5544873301529852,-0.21124124943736647,360.0,1.0,0,4931.0,4931.0,-0.07740076399776356,1,1,0
260,LP001865,1,1,0.11132593322382317,0.8990684206270051,2.192412850123889,360.0,1.0,1,6083.0,6083.0,0.11132593322382317,0,1,0
261,LP001868,1,0,-0.5477430797296867,0.2010196471347792,-0.13984558311376483,360.0,1.0,1,2060.0,2060.0,-0.5477430797296867,0,0,0
262,LP001870,0,1,-0.31494738810479544,-0.5544873301529852,0.11003924901884096,36.0,1.0,0,3481.0,3481.0,-0.31494738810479544,0,0,0
263,LP001871,0,0,0.29431874641524014,-0.5544873301529852,-0.3064354712021687,360.0,1.0,1,7200.0,7200.0,0.29431874641524014,0,0,0
264,LP001872,1,0,-0.03890182836662391,-0.5544873301529852,-0.21124124943736647,360.0,1.0,1,5166.0,5166.0,-0.03890182836662391,0,0,1
265,LP001875,1,0,-0.2143586796898178,0.6244318870090446,0.06244213813643986,360.0,1.0,1,4095.0,4095.0,-0.2143586796898178,0,0,0
266,LP001877,1,2,-0.11393379653284502,-0.08011513572196248,0.05054286041583959,360.0,1.0,1,4708.0,4708.0,-0.11393379653284502,0,1,0
267,LP001882,1,3,-0.17536826828466362,0.06489842623820598,0.16953563762184234,360.0,0.0,1,4333.0,4333.0,-0.17536826828466362,0,1,0
268,LP001883,0,0,-0.325268379359101,-0.5544873301529852,-0.12794630539316454,360.0,1.0,0,3418.0,3418.0,-0.325268379359101,0,0,0
269,LP001884,0,1,-0.41406166919772946,-0.0209468663372711,-0.6634138028201769,360.0,1.0,1,2876.0,2876.0,-0.41406166919772946,0,0,0
270,LP001888,0,0,-0.35492075105797877,-0.5544873301529852,-1.3773704660561934,360.0,1.0,1,3237.0,3237.0,-0.35492075105797877,0,0,0
271,LP001891,1,0,0.9407732145023766,-0.5544873301529852,-0.11604702767256427,360.0,1.0,1,10171.25,3812.5,0.9407732145023766,0,1,0
272,LP001892,1,0,-0.421106155291938,0.08063102965841293,-0.23503980487856702,360.0,1.0,1,2833.0,2833.0,-0.421106155291938,0,0,0
273,LP001894,1,0,-0.456000935246971,0.2058078307844074,0.05054286041583959,360.0,1.0,1,2620.0,2620.0,-0.456000935246971,0,1,0
274,LP001896,1,2,-0.24630460500076348,-0.5544873301529852,-0.6634138028201769,360.0,1.0,1,3900.0,3900.0,-0.24630460500076348,0,1,0
275,LP001900,1,1,-0.4347036517063405,0.07550083289095415,-0.36593185980517007,360.0,1.0,1,2750.0,2750.0,-0.4347036517063405,0,1,0
276,LP001903,1,0,-0.23106885600631247,0.5652636176243533,0.7288016904900553,360.0,1.0,1,3993.0,3993.0,-0.23106885600631247,0,1,0
277,LP001904,1,0,-0.37687333563062864,-0.10987027697322346,-0.7824065800261797,360.0,1.0,1,3103.0,3103.0,-0.37687333563062864,0,1,0
278,LP001907,1,0,1.5038406262650446,-0.5544873301529852,3.4537362885075185,360.0,1.0,1,10171.25,3812.5,1.5038406262650446,0,1,0
279,LP001908,0,0,-0.21353955339979358,-0.5544873301529852,-0.2588383603197676,360.0,1.0,1,4100.0,4100.0,-0.21353955339979358,1,1,0
280,LP001910,1,1,-0.2212393405260215,0.27523649370401637,0.1457370821806418,360.0,0.0,0,4053.0,4053.0,-0.2212393405260215,1,0,1
281,LP001914,1,0,-0.24188132303463256,-0.2808768358885165,-0.4016296929669709,360.0,1.0,1,3927.0,3927.0,-0.24188132303463256,0,1,0
282,LP001915,1,2,-0.5082611925505179,-0.21733080276815359,-0.8062051354673803,180.0,1.0,1,2301.0,2301.0,-0.5082611925505179,0,1,0
283,LP001917,0,0,-0.5885355689728943,0.015306524152771011,-1.0917878007617867,360.0,1.0,1,1811.0,1811.0,-0.5885355689728943,0,0,0
284,LP001922,1,0,2.5005534959665496,-0.5544873301529852,-0.21124124943736647,360.0,1.0,0,10171.25,3812.5,2.5005534959665496,0,1,0
285,LP001924,1,0,-0.3678629464403619,0.48967871858379375,-0.6753130805407772,360.0,1.0,1,3158.0,3158.0,-0.3678629464403619,0,0,0
286,LP001925,0,0,-0.45927744040706797,0.032749193162130895,-0.5563203033347744,300.0,1.0,0,2600.0,2600.0,-0.45927744040706797,0,0,1
287,LP001926,1,0,-0.278414355569714,0.12953890550818672,-0.3064354712021687,360.0,1.0,1,3704.0,3704.0,-0.278414355569714,0,1,0
288,LP001931,0,0,-0.2096077472076772,-0.5544873301529852,-0.36593185980517007,360.0,1.0,1,4124.0,4124.0,-0.2096077472076772,0,0,0
289,LP001935,1,0,0.672427441890433,-0.5544873301529852,0.49081613607804975,360.0,1.0,1,9508.0,9508.0,0.672427441890433,0,0,0
290,LP001936,1,0,-0.3814604428547644,0.2718163625257105,-0.08034919451076344,360.0,1.0,1,3075.0,3075.0,-0.3814604428547644,0,1,0
291,LP001938,1,2,-0.16439197599833869,-0.5544873301529852,-0.22314052715796673,360.0,0.0,0,4400.0,4400.0,-0.16439197599833869,0,1,0
292,LP001940,1,2,-0.3686820727303861,-0.0209468663372711,-0.13984558311376483,360.0,1.0,1,3153.0,3153.0,-0.3686820727303861,0,1,0
293,LP001945,0,0,0.0022183113925933404,-0.5544873301529852,-0.03275208362836234,480.0,0.0,0,5417.0,5417.0,0.0022183113925933404,0,0,0
294,LP001947,1,0,-0.49482752139412034,0.5857844046941885,0.31232697026904566,360.0,1.0,1,2383.0,2383.0,-0.49482752139412034,0,1,0
295,LP001949,1,3,-0.1617707718702611,-0.12697093286475275,-0.4254282484081714,360.0,1.0,1,4416.0,4416.0,-0.1617707718702611,0,1,0
296,LP001953,1,1,0.24107553756366404,-0.5544873301529852,0.6455067464458534,360.0,1.0,1,6875.0,6875.0,0.24107553756366404,0,1,0
297,LP001954,0,1,-0.12081445736904871,-0.5544873301529852,-0.12794630539316454,360.0,1.0,1,4666.0,4666.0,-0.12081445736904871,0,1,0
298,LP001955,0,0,-0.06609682119542894,0.31456800225453374,0.06244213813643986,480.0,1.0,0,5000.0,5000.0,-0.06609682119542894,0,0,0
299,LP001963,1,1,-0.5552790415979099,0.44590103950147875,-0.3897304152463706,360.0,1.0,0,2014.0,2014.0,-0.5552790415979099,0,1,0
300,LP001964,1,0,-0.5903376468109477,0.44897915756195406,-0.6277159696583761,360.0,0.0,0,1800.0,1800.0,-0.5903376468109477,1,1,0
301,LP001972,1,0,-0.4142254944557343,0.04403562605054023,-0.4849246370111728,360.0,1.0,1,2875.0,2875.0,-0.4142254944557343,1,1,0
302,LP001974,0,0,-0.06609682119542894,-0.5544873301529852,-0.16364413855496537,360.0,1.0,1,5000.0,5000.0,-0.06609682119542894,0,0,0
303,LP001977,1,1,-0.6190070669617963,0.06216232129556129,-0.5920181364965753,360.0,1.0,1,1625.0,1625.0,-0.6190070669617963,0,1,0
304,LP001978,1,0,-0.22992207920027855,0.30054546442347974,-0.06844991679016317,360.0,1.0,1,4000.0,4000.0,-0.22992207920027855,0,0,0
305,LP001990,1,0,-0.5575725952099777,-0.5544873301529852,-0.21124124943736647,360.0,1.0,0,2000.0,2000.0,-0.5575725952099777,1,0,0
306,LP001993,0,0,-0.26891249060543276,0.015306524152771011,-0.12794630539316454,360.0,1.0,1,3762.0,3762.0,-0.26891249060543276,0,0,0
307,LP001994,0,0,-0.4920424920080379,0.08268310836539645,-0.49682391473177306,360.0,0.0,0,2400.0,2400.0,-0.4920424920080379,0,0,0
308,LP001996,1,0,2.429453333992445,-0.5544873301529852,3.9773045082139302,360.0,1.0,0,10171.25,3812.5,2.429453333992445,0,0,0
309,LP001998,1,2,0.3708251419035049,-0.5544873301529852,0.4670175806368492,360.0,1.0,1,7667.0,7667.0,0.3708251419035049,1,1,0
310,LP002002,0,0,-0.40734483361953067,-0.5544873301529852,-0.7348094691437785,360.0,1.0,1,2917.0,2917.0,-0.40734483361953067,0,0,0
311,LP002004,1,0,-0.40570658103948215,0.26805421822957404,-0.41352897068757116,360.0,1.0,1,2927.0,2927.0,-0.40570658103948215,1,0,0
312,LP002006,0,0,-0.474513189401519,-0.5544873301529852,-1.0679892453205864,360.0,1.0,1,2507.0,2507.0,-0.474513189401519,0,0,0
313,LP002008,1,2,0.056116821276188854,-0.5544873301529852,-0.020852805907762065,84.0,1.0,1,5746.0,5746.0,0.056116821276188854,0,1,1
314,LP002024,2,0,-0.48008324817368386,0.07584284600878473,0.15763635990124206,360.0,1.0,0,2473.0,2473.0,-0.48008324817368386,0,1,0
315,LP002031,1,1,-0.32838105926119315,0.006414183089175776,-0.41352897068757116,180.0,1.0,1,3399.0,3399.0,-0.32838105926119315,1,1,0
316,LP002035,1,2,-0.27628462721565095,-0.5544873301529852,-0.3064354712021687,360.0,1.0,1,3717.0,3717.0,-0.27628462721565095,0,1,0
317,LP002036,1,0,-0.5480707302456964,0.17536866329748527,-0.6872123582613775,360.0,1.0,1,2058.0,2058.0,-0.5480707302456964,0,1,0
318,LP002043,0,1,-0.3051178726245045,-0.5544873301529852,-0.4016296929669709,360.0,1.0,1,3541.0,3541.0,-0.3051178726245045,0,0,0
319,LP002050,1,1,0.753029468828819,-0.5544873301529852,0.11003924901884096,360.0,1.0,0,10000.0,10000.0,0.753029468828819,0,1,1
320,LP002051,1,0,-0.4920424920080379,0.1866550961858946,-0.36593185980517007,360.0,1.0,1,2400.0,2400.0,-0.4920424920080379,0,1,0
321,LP002053,1,3,-0.17389384096261998,-0.4898468508830045,-0.2588383603197676,360.0,1.0,1,4342.0,4342.0,-0.17389384096261998,0,1,0
322,LP002054,1,2,-0.29528835714421353,-0.010686472802353523,-0.21124124943736647,360.0,1.0,1,3601.0,3601.0,-0.29528835714421353,1,1,0
323,LP002055,0,0,-0.3665523443763231,0.4664218265713139,-0.16364413855496537,360.0,1.0,1,3166.0,3166.0,-0.3665523443763231,0,0,0
324,LP002065,1,3,1.5721557588530668,-0.5544873301529852,1.835434518505881,360.0,1.0,1,10171.25,3812.5,1.5721557588530668,0,1,0
325,LP002067,1,1,0.5344865746503497,1.1497640359968246,2.7397796252715017,360.0,0.0,0,8666.0,8666.0,0.5344865746503497,0,1,1
326,LP002068,1,0,-0.07969431760983145,-0.5544873301529852,-0.18744269399616592,360.0,0.0,1,4917.0,4917.0,-0.07969431760983145,0,0,0
327,LP002082,1,0,0.06791223985253803,0.18426100436108048,0.45511830291624894,360.0,1.0,1,5818.0,5818.0,0.06791223985253803,0,1,1
328,LP002086,0,0,-0.17536826828466362,0.28378682164978103,-0.4254282484081714,360.0,1.0,0,4333.0,4333.0,-0.17536826828466362,0,1,0
329,LP002087,0,0,-0.4756599662075529,-0.5544873301529852,-0.9370971903939832,360.0,1.0,1,2500.0,2500.0,-0.4756599662075529,0,0,0
330,LP002097,1,1,-0.16701318012641628,0.058742190117255434,-0.3421333043639695,360.0,1.0,1,4384.0,4384.0,-0.16701318012641628,0,0,0
331,LP002098,1,0,-0.4043959789754433,-0.5544873301529852,-0.5682195810553747,360.0,1.0,1,2935.0,2935.0,-0.4043959789754433,0,0,0
332,LP002100,1,0,-0.421106155291938,-0.5544873301529852,-0.8895000795115822,360.0,1.0,1,2833.0,2833.0,-0.421106155291938,0,0,0
333,LP002101,1,0,9.490977255033481,-0.5544873301529852,4.096297285419933,180.0,1.0,1,10171.25,3812.5,9.490977255033481,0,1,0
334,LP002103,2,1,0.7256706507420091,0.07242271483047887,0.43131974747504837,180.0,1.0,1,9833.0,9833.0,0.7256706507420091,0,1,1
335,LP002106,1,0,0.016307283581010405,0.9811515689063458,-0.9013993572321825,360.0,1.0,1,5503.0,5503.0,0.016307283581010405,0,1,1
336,LP002110,1,1,-0.025140506694216542,-0.3191823050855421,0.16953563762184234,360.0,1.0,1,5250.0,5250.0,-0.025140506694216542,0,1,0
337,LP002112,1,2,-0.4756599662075529,1.0187730118677103,0.35992408115144675,360.0,1.0,1,2500.0,2500.0,-0.4756599662075529,0,1,1
338,LP002113,0,3,-0.5854228890708022,-0.5544873301529852,-0.21124124943736647,360.0,0.0,0,1830.0,1830.0,-0.5854228890708022,1,0,0
339,LP002114,0,0,-0.2037100379195026,-0.5544873301529852,-0.8895000795115822,360.0,1.0,1,4160.0,4160.0,-0.2037100379195026,0,0,0
340,LP002115,1,3,-0.45157765328084004,-0.01171251215584528,0.3242262479896459,360.0,1.0,0,2647.0,2647.0,-0.45157765328084004,1,1,0
341,LP002116,0,0,-0.49564664768414457,-0.5544873301529852,-1.186982022526589,360.0,1.0,0,2378.0,2378.0,-0.49564664768414457,0,0,0
342,LP002119,1,1,-0.13916288626559187,-0.13415320833919506,0.1457370821806418,360.0,1.0,1,4554.0,4554.0,-0.13916288626559187,1,1,0
343,LP002126,1,3,-0.36540556757028914,-0.5544873301529852,-0.8538022463497813,360.0,1.0,1,3173.0,3173.0,-0.36540556757028914,1,1,0
344,LP002128,1,2,-0.4620624697931504,0.2424032343922801,-0.2469390825991673,360.0,1.0,1,2583.0,2583.0,-0.4620624697931504,0,1,0
345,LP002129,1,0,-0.47582379146555775,0.2861809134745951,0.16953563762184234,360.0,1.0,1,2499.0,2499.0,-0.47582379146555775,0,1,0
346,LP002130,1,0,-0.3080667272685918,0.5502150404398075,0.07434141585704014,360.0,0.0,0,3523.0,3523.0,-0.3080667272685918,1,1,0
347,LP002131,1,2,-0.3801498407907256,0.18699710930372518,-0.23503980487856702,360.0,1.0,1,3083.0,3083.0,-0.3801498407907256,1,1,0
348,LP002137,1,0,0.15228224772503557,1.0129587888645903,1.3475641319612697,360.0,1.0,1,6333.0,6333.0,0.15228224772503557,0,1,0
349,LP002138,1,0,-0.4551818089569467,1.5830946562881771,0.49081613607804975,360.0,1.0,1,2625.0,2625.0,-0.4551818089569467,0,1,0
350,LP002139,1,0,0.6028017072383719,-0.5544873301529852,0.9786865226226611,360.0,1.0,1,9083.0,9083.0,0.6028017072383719,0,1,0
351,LP002140,1,0,0.5482478963227571,0.8706813318470665,1.930628740270683,360.0,1.0,0,8750.0,8750.0,0.5482478963227571,0,0,0
352,LP002141,1,3,-0.4484649733787479,0.15792599428812537,-0.6039174142171756,360.0,1.0,1,2666.0,2666.0,-0.4484649733787479,0,1,0
353,LP002142,0,0,0.015815807806995857,-0.5544873301529852,-0.4849246370111728,360.0,0.0,0,5500.0,5500.0,0.015815807806995857,0,1,1
354,LP002143,0,0,-0.48827451107392633,-0.3817707056485393,-0.18744269399616592,360.0,1.0,1,2423.0,2423.0,-0.48827451107392633,0,1,0
355,LP002144,0,0,-0.2605574024471854,-0.5544873301529852,-0.3540325820845698,180.0,1.0,1,3813.0,3813.0,-0.2605574024471854,0,0,0
356,LP002149,1,2,0.47993276373473476,0.5286682140164806,0.2290320262248437,360.0,1.0,1,8333.0,8333.0,0.47993276373473476,0,1,0
357,LP002151,1,1,-0.2504002364508847,-0.5544873301529852,-0.9370971903939832,360.0,1.0,0,3875.0,3875.0,-0.2504002364508847,0,1,0
358,LP002158,1,0,-0.3937473372051281,0.015306524152771011,-0.5444210256141742,480.0,0.0,0,3000.0,3000.0,-0.3937473372051281,1,1,0
359,LP002160,1,3,-0.03873800310861906,0.5286682140164806,0.6455067464458534,360.0,1.0,1,5167.0,5167.0,-0.03873800310861906,0,1,0
360,LP002161,0,1,-0.11147641766277228,-0.5544873301529852,-0.7705073023055794,360.0,1.0,0,4723.0,4723.0,-0.11147641766277228,0,0,0
361,LP002170,1,2,-0.06609682119542894,0.6996747729317736,1.0738807443874632,360.0,1.0,1,5000.0,5000.0,-0.06609682119542894,0,1,0
362,LP002175,1,0,-0.10705313569664134,0.24342927374577186,-0.18744269399616592,360.0,1.0,1,4750.0,4750.0,-0.10705313569664134,0,1,0
363,LP002178,1,0,-0.39161760885106506,0.4828384562271821,-0.6039174142171756,300.0,1.0,1,3013.0,3013.0,-0.39161760885106506,0,1,0
364,LP002180,1,0,0.23239279888940703,-0.5544873301529852,-0.05655063906956289,360.0,1.0,1,6822.0,6822.0,0.23239279888940703,0,0,1
365,LP002181,1,0,0.13311469253846817,-0.5544873301529852,-0.1517448608343651,360.0,1.0,0,6216.0,6216.0,0.13311469253846817,1,0,0
366,LP002187,1,0,-0.4756599662075529,-0.5544873301529852,-0.5920181364965753,480.0,1.0,0,2500.0,2500.0,-0.4756599662075529,0,0,0
367,LP002188,1,0,-0.04578248920282759,-0.5544873301529852,-0.2588383603197676,360.0,0.0,0,5124.0,5124.0,-0.04578248920282759,0,0,0
368,LP002190,1,1,0.15097164566099677,-0.5544873301529852,0.34802480343084646,360.0,1.0,1,6325.0,6325.0,0.15097164566099677,0,1,0
369,LP002191,1,0,2.3470492292160055,1.2465537483428806,5.048239503067955,360.0,1.0,0,10171.25,3812.5,2.3470492292160055,0,1,0
370,LP002194,0,0,1.6964991296787477,-0.5544873301529852,-1.0798885230411865,360.0,1.0,1,10171.25,3812.5,1.6964991296787477,0,0,1
371,LP002197,1,2,-0.03578914846453177,-0.5544873301529852,0.11003924901884096,360.0,1.0,1,5185.0,5185.0,-0.03578914846453177,0,1,0
372,LP002201,1,2,0.6421197691595358,2.1381819465272183,2.787376736153903,300.0,1.0,1,9323.0,9323.0,0.6421197691595358,0,1,1
373,LP002205,1,1,-0.38359017120882744,0.12509273497638912,-0.41352897068757116,180.0,0.0,0,3062.0,3062.0,-0.38359017120882744,0,0,0
374,LP002209,0,0,-0.4324100980942726,-0.055490191238160284,-0.4254282484081714,360.0,1.0,1,2764.0,2764.0,-0.4324100980942726,0,0,0
375,LP002211,1,0,-0.09607684341031641,-0.23880922239535438,-0.3064354712021687,180.0,1.0,1,4817.0,4817.0,-0.09607684341031641,0,1,0
376,LP002219,1,3,0.5482478963227571,1.1542102065286222,-0.18744269399616592,360.0,1.0,1,8750.0,8750.0,0.5482478963227571,0,1,0
377,LP002223,1,0,-0.17913624921877516,-0.5544873301529852,-0.18744269399616592,360.0,1.0,1,4310.0,4310.0,-0.17913624921877516,0,1,0
378,LP002224,1,0,-0.3824433944027935,-0.5544873301529852,-0.8895000795115822,480.0,1.0,0,3069.0,3069.0,-0.3824433944027935,0,0,0
379,LP002225,1,2,-0.002041145315532749,-0.5544873301529852,-0.18744269399616592,360.0,1.0,1,5391.0,5391.0,-0.002041145315532749,0,1,0
380,LP002226,1,0,-0.3391935262895132,0.30054546442347974,-0.21124124943736647,360.0,1.0,1,3333.0,3333.0,-0.3391935262895132,0,1,0
381,LP002229,1,0,0.08806274658713453,0.8929121845060546,1.7878374076234798,360.0,1.0,1,5941.0,5941.0,0.08806274658713453,0,0,0
382,LP002231,0,0,0.09772843680942066,-0.5544873301529852,0.12193852673944124,360.0,1.0,1,6000.0,6000.0,0.09772843680942066,0,0,0
383,LP002234,1,0,0.2889125129010801,-0.5544873301529852,-0.21124124943736647,360.0,1.0,1,7167.0,7167.0,0.2889125129010801,0,0,1
384,LP002236,1,2,-0.13719698316953366,-0.5544873301529852,-0.5444210256141742,360.0,1.0,0,4566.0,4566.0,-0.13719698316953366,0,1,0
385,LP002237,1,1,-0.28447589011589347,-0.5544873301529852,-0.3897304152463706,180.0,1.0,1,3667.0,3667.0,-0.28447589011589347,0,0,0
386,LP002239,1,0,-0.5008890559402998,-0.007266341624047663,-0.16364413855496537,360.0,1.0,1,2346.0,2346.0,-0.5008890559402998,1,0,0
387,LP002243,1,0,-0.39210908462507965,0.5180658073637324,-0.21124124943736647,360.0,0.0,0,3010.0,3010.0,-0.39210908462507965,1,1,0
388,LP002244,1,0,-0.5030187842943628,0.27215837564354106,-0.11604702767256427,360.0,1.0,1,2333.0,2333.0,-0.5030187842943628,0,1,0
389,LP002250,1,0,0.01384990471093766,-0.5544873301529852,-0.2469390825991673,360.0,1.0,1,5488.0,5488.0,0.01384990471093766,0,1,0
390,LP002255,1,3,0.6165630289107793,-0.5544873301529852,0.4670175806368492,360.0,1.0,1,9167.0,9167.0,0.6165630289107793,0,0,0
391,LP002262,1,3,0.6717721408584136,-0.5544873301529852,1.537952575490874,360.0,1.0,1,9504.0,9504.0,0.6717721408584136,0,1,0
392,LP002263,1,0,-0.4620624697931504,0.16887041405870412,-0.3064354712021687,360.0,1.0,1,2583.0,2583.0,-0.4620624697931504,0,1,0
393,LP002265,1,2,-0.5587193720160116,0.0012839863217169861,-0.3897304152463706,180.0,1.0,1,1993.0,1993.0,-0.5587193720160116,1,1,0
394,LP002266,1,2,-0.3773648114046432,-0.07566896519016486,-0.3897304152463706,360.0,1.0,1,3100.0,3100.0,-0.3773648114046432,0,1,0
395,LP002272,1,2,-0.34853156599578966,-0.3889529811229816,-0.12794630539316454,360.0,1.0,1,3276.0,3276.0,-0.34853156599578966,0,1,0
396,LP002277,0,0,-0.3642587907642552,-0.5544873301529852,-0.8895000795115822,360.0,0.0,0,3180.0,3180.0,-0.3642587907642552,0,0,0
397,LP002281,1,0,-0.3883411036909681,-0.055490191238160284,-0.6039174142171756,360.0,1.0,1,3033.0,3033.0,-0.3883411036909681,0,1,0
398,LP002284,1,0,-0.2459769544847538,0.015306524152771011,-0.4373275261287717,360.0,1.0,1,3902.0,3902.0,-0.2459769544847538,1,0,0
399,LP002287,0,0,-0.6394852242124025,0.061136281942069534,-0.5087231924523733,360.0,0.0,0,1500.0,1500.0,-0.6394852242124025,0,0,0
400,LP002288,1,2,-0.4119319408436664,-0.5544873301529852,-1.1988813002471892,180.0,0.0,0,2889.0,2889.0,-0.4119319408436664,1,1,0
401,LP002296,1,0,-0.4338845254163163,-0.5544873301529852,-0.9608957458351838,300.0,1.0,0,2755.0,2755.0,-0.4338845254163163,1,0,0
402,LP002297,1,0,-0.4756599662075529,6.285775026458735,-0.5087231924523733,360.0,1.0,1,2500.0,2500.0,-0.4756599662075529,0,0,0
403,LP002300,0,0,-0.5636341297561571,-0.5544873301529852,-1.1036870784823871,360.0,1.0,1,1963.0,1963.0,-0.5636341297561571,1,0,0
404,LP002301,0,0,0.3338006335944089,-0.5544873301529852,0.5741110801222516,360.0,1.0,0,7441.0,7441.0,0.3338006335944089,0,0,1
405,LP002305,0,0,-0.14030966307162582,-0.5544873301529852,-0.36593185980517007,360.0,1.0,1,4547.0,4547.0,-0.14030966307162582,0,0,0
406,LP002308,1,0,-0.5302137771231679,0.2663441526404211,-0.36593185980517007,360.0,1.0,1,2167.0,2167.0,-0.5302137771231679,1,1,0
407,LP002314,0,0,-0.5226778152549447,-0.5544873301529852,-0.9489964681145835,360.0,1.0,1,2213.0,2213.0,-0.5226778152549447,1,0,0
408,LP002315,1,1,0.4745265302205747,-0.5544873301529852,0.07434141585704014,300.0,0.0,0,8300.0,8300.0,0.4745265302205747,0,1,0
409,LP002317,1,3,12.38462278717314,-0.5544873301529852,2.5493911817418975,360.0,0.0,0,10171.25,3812.5,12.38462278717314,0,1,0
410,LP002318,0,1,-0.25171083851492354,-0.5544873301529852,-0.9965935789969846,360.0,1.0,0,3867.0,3867.0,-0.25171083851492354,1,0,1
411,LP002319,1,0,0.13966770285866215,-0.5544873301529852,0.16953563762184234,360.0,1.0,1,6256.0,6256.0,0.13966770285866215,0,1,0
412,LP002328,1,0,0.11345566157788621,-0.5544873301529852,0.8596937454166583,360.0,0.0,0,6096.0,6096.0,0.11345566157788621,1,1,0
413,LP002332,1,0,-0.5161248049347508,0.14082533839659606,-0.4254282484081714,360.0,1.0,1,2253.0,2253.0,-0.5161248049347508,1,1,0
414,LP002335,0,0,-0.5331626317672551,0.5526091322646216,0.38372263659264727,360.0,0.0,0,2149.0,2149.0,-0.5331626317672551,1,1,0
415,LP002337,0,0,-0.3945664634951524,-0.5544873301529852,-1.0203921344381852,360.0,1.0,1,2995.0,2995.0,-0.3945664634951524,0,0,0
416,LP002341,0,1,-0.45927744040706797,-0.5544873301529852,0.16953563762184234,360.0,1.0,0,2600.0,2600.0,-0.45927744040706797,0,0,0
417,LP002342,1,2,-0.6231026984119176,6.285775026458735,1.1095785775492641,360.0,1.0,0,1600.0,1600.0,-0.6231026984119176,0,1,1
418,LP002345,1,0,-0.717302221764706,0.3939150455912297,-0.4016296929669709,360.0,1.0,1,1025.0,1025.0,-0.717302221764706,0,1,0
419,LP002347,1,0,-0.35344632373593515,-0.0698547421870449,-0.09224847223136372,360.0,1.0,1,3246.0,3246.0,-0.35344632373593515,0,1,0
420,LP002348,1,0,0.06971431769059137,-0.5544873301529852,-0.09224847223136372,360.0,1.0,1,5829.0,5829.0,0.06971431769059137,0,1,0
421,LP002357,0,0,-0.439618409446486,-0.5544873301529852,-0.7824065800261797,360.0,0.0,0,2720.0,2720.0,-0.439618409446486,1,0,0
422,LP002361,1,0,-0.5870611416508507,0.03343321939779207,-0.5444210256141742,360.0,1.0,1,1820.0,1820.0,-0.5870611416508507,0,1,0
423,LP002362,1,1,0.30251000931548266,0.015648537270601597,-0.4254282484081714,360.0,0.0,0,7250.0,7250.0,0.30251000931548266,0,1,0
424,LP002364,1,0,1.5524967278924848,-0.5544873301529852,-0.5920181364965753,360.0,1.0,1,10171.25,3812.5,1.5524967278924848,0,1,0
425,LP002366,1,0,-0.4484649733787479,0.9161690765185344,-0.2945361934815684,360.0,1.0,1,2666.0,2666.0,-0.4484649733787479,0,1,0
426,LP002367,0,1,-0.13064397284933968,-0.5544873301529852,-0.7705073023055794,360.0,1.0,0,4606.0,4606.0,-0.13064397284933968,1,0,0
427,LP002368,1,2,0.08707979503910543,-0.5544873301529852,-0.1517448608343651,360.0,1.0,1,5935.0,5935.0,0.08707979503910543,0,1,0
428,LP002369,1,0,-0.4068533578455161,-0.5489740784062651,-0.6991116359819778,360.0,1.0,1,2920.0,2920.0,-0.4068533578455161,0,1,0
429,LP002370,1,0,-0.44010988522050054,-0.5544873301529852,-1.0203921344381852,180.0,1.0,1,2717.0,2717.0,-0.44010988522050054,1,0,0
430,LP002377,0,1,0.527605913814146,-0.5544873301529852,0.05054286041583959,360.0,1.0,1,8624.0,8624.0,0.527605913814146,0,0,1
431,LP002379,1,0,0.17964106581184544,-0.5544873301529852,-0.4849246370111728,360.0,0.0,0,6500.0,6500.0,0.17964106581184544,0,0,0
432,LP002386,1,0,1.2241909108507665,-0.5544873301529852,3.0848586791689097,360.0,1.0,1,10171.25,3812.5,1.2241909108507665,0,0,0
433,LP002387,1,0,-0.48794686055791664,0.24582336557058596,-0.03275208362836234,360.0,1.0,1,2425.0,2425.0,-0.48794686055791664,0,1,0
434,LP002390,1,0,-0.2708783937014909,-0.5544873301529852,-0.5444210256141742,360.0,1.0,1,3750.0,3750.0,-0.2708783937014909,0,0,0
435,LP002393,0,0,0.7607292559550469,-0.5544873301529852,-0.21124124943736647,240.0,1.0,1,10047.0,10047.0,0.7607292559550469,0,1,0
436,LP002398,1,0,-0.5696956643023365,0.07857895095142942,-1.1393849116441879,360.0,1.0,1,1926.0,1926.0,-0.5696956643023365,0,0,0
437,LP002401,1,0,-0.5226778152549447,-0.169722572593576,-0.21124124943736647,360.0,1.0,1,2213.0,2213.0,-0.5226778152549447,0,1,0
438,LP002403,1,0,0.8211807761588364,-0.5544873301529852,0.49081613607804975,360.0,0.0,0,10171.25,3812.5,0.8211807761588364,0,0,1
439,LP002407,0,0,0.2848168814509589,-0.5544873301529852,-0.09224847223136372,360.0,1.0,1,7142.0,7142.0,0.2848168814509589,1,1,1
440,LP002408,1,0,-0.2856226669219274,1.1774670985411022,0.49081613607804975,360.0,1.0,1,3660.0,3660.0,-0.2856226669219274,0,0,0
441,LP002409,1,0,0.4091602522766397,0.07242271483047887,0.40752119203384785,360.0,1.0,1,7901.0,7901.0,0.4091602522766397,0,1,0
442,LP002418,1,3,-0.11409762179084987,0.12714481368337263,0.026744304974639036,360.0,1.0,1,4707.0,4707.0,-0.11409762179084987,1,0,0
443,LP002422,1,1,5.294101795465245,-0.5544873301529852,0.07434141585704014,360.0,1.0,1,10171.25,3812.5,5.294101795465245,0,0,0
444,LP002424,1,0,0.31610750572988516,2.2955079807292877,0.34802480343084646,300.0,1.0,1,7333.0,7333.0,0.31610750572988516,0,1,0
445,LP002429,1,1,-0.3174047669748682,-0.1406514575779762,-0.18744269399616592,360.0,1.0,1,3466.0,3466.0,-0.3174047669748682,0,1,1
446,LP002434,1,2,-0.1231080109811166,-0.5544873301529852,-0.4254282484081714,360.0,1.0,1,4652.0,4652.0,-0.1231080109811166,1,1,0
447,LP002435,1,0,-0.3054455231405142,-0.08387728001809892,-1.0798885230411865,360.0,1.0,0,3539.0,3539.0,-0.3054455231405142,0,1,0
448,LP002443,1,2,-0.3380467494834793,0.030355101337316795,0.05054286041583959,360.0,0.0,0,3340.0,3340.0,-0.3380467494834793,0,1,0
449,LP002444,1,1,-0.4315909718042484,-0.027103102458221652,0.5265139692398506,360.0,1.0,0,2769.0,2769.0,-0.4315909718042484,1,0,1
450,LP002446,1,2,-0.5069505904864792,-0.12526086727559982,-0.2469390825991673,360.0,0.0,0,2309.0,2309.0,-0.5069505904864792,1,1,0
451,LP002447,1,2,-0.5644532560461814,-0.05651623059165205,-1.0203921344381852,300.0,1.0,1,1958.0,1958.0,-0.5644532560461814,1,1,0
452,LP002448,1,0,-0.2384409926165307,0.03822140304742027,0.03864358269523931,360.0,0.0,0,3948.0,3948.0,-0.2384409926165307,0,1,0
453,LP002449,1,0,-0.47844499559363535,0.2889170184172398,-0.6634138028201769,180.0,0.0,1,2483.0,2483.0,-0.47844499559363535,0,1,0
454,LP002453,1,0,0.27547884174468246,-0.5544873301529852,-0.7348094691437785,360.0,1.0,1,7085.0,7085.0,0.27547884174468246,0,0,1
455,LP002455,1,2,-0.2530214405789623,-0.5544873301529852,-0.5920181364965753,360.0,1.0,1,3859.0,3859.0,-0.2530214405789623,0,1,0
456,LP002459,1,0,-0.1806106765408188,-0.5544873301529852,-0.3302340266433692,360.0,1.0,1,4301.0,4301.0,-0.1806106765408188,0,1,0
457,LP002467,1,0,-0.2777590545376946,0.32414436955379017,0.3242262479896459,360.0,1.0,0,3708.0,3708.0,-0.2777590545376946,0,1,0
458,LP002472,1,2,-0.17192793786656177,-0.5544873301529852,-0.11604702767256427,360.0,1.0,1,4354.0,4354.0,-0.17192793786656177,0,0,0
459,LP002473,1,0,0.4800965889927396,-0.5544873301529852,0.16953563762184234,360.0,1.0,0,8334.0,8334.0,0.4800965889927396,0,1,0
460,LP002478,2,0,-0.5439750987955752,0.8419522299492973,0.16953563762184234,360.0,1.0,1,2083.0,2083.0,-0.5439750987955752,0,1,1
461,LP002484,1,3,0.38278438573785895,-0.5544873301529852,-0.21124124943736647,180.0,1.0,1,7740.0,7740.0,0.38278438573785895,0,1,0
462,LP002487,1,0,-0.39128995833505537,0.1938373716603369,0.08624069357764041,360.0,1.0,1,3015.0,3015.0,-0.39128995833505537,0,1,0
463,LP002489,0,1,-0.03480619691650267,-0.5544873301529852,-0.16364413855496537,360.0,1.0,1,5191.0,5191.0,-0.03480619691650267,1,0,0
464,LP002493,1,0,-0.2027270863714735,-0.5544873301529852,-0.5682195810553747,360.0,0.0,0,4166.0,4166.0,-0.2027270863714735,0,0,0
465,LP002494,1,0,0.09772843680942066,-0.5544873301529852,-0.06844991679016317,360.0,1.0,1,6000.0,6000.0,0.09772843680942066,0,0,0
466,LP002500,1,3,-0.4024300758793852,0.01462249791710984,-0.9013993572321825,180.0,0.0,0,2947.0,2947.0,-0.4024300758793852,1,1,0
467,LP002501,2,0,1.8493480953972723,-0.5544873301529852,-0.4254282484081714,360.0,1.0,1,10171.25,3812.5,1.8493480953972723,0,1,0
468,LP002502,0,2,-0.8508198070386584,0.4431649345588341,-0.5682195810553747,360.0,1.0,1,210.0,210.0,-0.8508198070386584,1,1,0
469,LP002505,1,0,-0.17536826828466362,0.28378682164978103,-0.4254282484081714,360.0,1.0,0,4333.0,4333.0,-0.17536826828466362,0,1,0
470,LP002515,1,1,-0.3200259711029458,0.15655794181680302,0.1933341930630429,360.0,1.0,1,3450.0,3450.0,-0.3200259711029458,0,1,1
471,LP002517,1,1,-0.4505947017328109,-0.04146765340710626,-0.3897304152463706,180.0,0.0,0,2653.0,2653.0,-0.4505947017328109,1,1,0
472,LP002519,1,3,-0.11671882591892746,-0.5544873301529852,-0.5444210256141742,360.0,1.0,1,4691.0,4691.0,-0.11671882591892746,0,1,0
473,LP002522,0,0,-0.4756599662075529,-0.5544873301529852,-0.6277159696583761,360.0,1.0,1,2500.0,2500.0,-0.4756599662075529,0,0,1
474,LP002524,1,2,0.021058216063151045,1.0351896415235784,0.1933341930630429,360.0,1.0,1,5532.0,5532.0,0.021058216063151045,0,0,0
475,LP002527,1,2,1.8219892773104625,-0.20768602867277106,0.05054286041583959,360.0,1.0,1,10171.25,3812.5,1.8219892773104625,0,1,1
476,LP002529,1,2,0.21240611741281537,0.04403562605054023,1.0024850780638617,300.0,1.0,1,6700.0,6700.0,0.21240611741281537,0,1,0
477,LP002530,2,2,-0.414553144971744,0.08576122642587172,-0.16364413855496537,360.0,0.0,0,2873.0,2873.0,-0.414553144971744,0,1,0
478,LP002531,1,1,1.845252463947151,0.21504218496583322,-0.711010913702578,360.0,1.0,1,10171.25,3812.5,1.845252463947151,0,1,1
479,LP002533,1,2,-0.4024300758793852,-0.0062403022705559055,-0.21124124943736647,360.0,1.0,0,2947.0,2947.0,-0.4024300758793852,0,1,0
480,LP002534,0,0,-0.17258323889858118,-0.5544873301529852,0.09813997129824069,360.0,1.0,1,4350.0,4350.0,-0.17258323889858118,1,0,0
481,LP002536,1,3,-0.3781839376946674,-0.5544873301529852,-0.3897304152463706,360.0,1.0,1,3095.0,3095.0,-0.3781839376946674,1,1,0
482,LP002537,1,0,-0.5439750987955752,0.5228539910133606,-0.21124124943736647,360.0,1.0,1,2083.0,2083.0,-0.5439750987955752,0,1,0
483,LP002541,1,0,0.8894959087468587,-0.5544873301529852,1.0500821889462626,360.0,1.0,1,10171.25,3812.5,0.8894959087468587,0,1,0
484,LP002543,1,2,0.47993276373473476,-0.5544873301529852,1.192873521593466,360.0,1.0,1,8333.0,8333.0,0.47993276373473476,0,1,0
485,LP002544,1,1,-0.5644532560461814,0.27865662488232223,-0.17554341627556563,360.0,1.0,1,1958.0,1958.0,-0.5644532560461814,1,1,0
486,LP002545,1,2,-0.3041349210764754,-0.5544873301529852,-0.7824065800261797,360.0,0.0,0,3547.0,3547.0,-0.3041349210764754,0,0,0
487,LP002547,1,1,2.1181853437832308,-0.5544873301529852,4.215290062625936,360.0,1.0,0,10171.25,3812.5,2.1181853437832308,0,1,0
488,LP002555,1,2,-0.13441195378345122,0.15792599428812537,0.16953563762184234,360.0,1.0,1,4583.0,4583.0,-0.13441195378345122,0,1,1
489,LP002556,1,0,-0.4863086079778681,-0.5544873301529852,-0.841902968629181,360.0,1.0,0,2435.0,2435.0,-0.4863086079778681,0,0,0
490,LP002560,1,0,-0.4430587398645879,0.3980192030051967,-0.5920181364965753,360.0,1.0,1,2699.0,2699.0,-0.4430587398645879,1,0,0
491,LP002562,1,1,-0.011543010279814025,-0.1676704938865925,0.47891685835744946,360.0,1.0,1,5333.0,5333.0,-0.011543010279814025,1,1,0
492,LP002571,1,0,-0.28054408392377705,-0.5544873301529852,-0.4254282484081714,360.0,1.0,1,3691.0,3691.0,-0.28054408392377705,1,0,0
493,LP002582,0,0,1.9428923177180415,-0.5544873301529852,0.9429886894608602,360.0,1.0,1,10171.25,3812.5,1.9428923177180415,1,0,1
494,LP002585,1,0,-0.2959436581762329,0.18323496500758873,-0.3183347489227689,360.0,0.0,0,3597.0,3597.0,-0.2959436581762329,0,1,0
495,LP002586,0,1,-0.34034030309554714,-0.24222935357366024,-0.4849246370111728,84.0,1.0,1,3326.0,3326.0,-0.34034030309554714,0,1,0
496,LP002587,1,0,-0.45927744040706797,0.026934970159010935,-0.46112608156997226,360.0,1.0,1,2600.0,2600.0,-0.45927744040706797,1,1,0
497,LP002588,1,0,-0.12753129294724755,0.4226441474889989,-0.41352897068757116,12.0,1.0,1,4625.0,4625.0,-0.12753129294724755,0,1,0
498,LP002600,1,1,-0.41094898929563733,-0.5544873301529852,-0.6039174142171756,360.0,1.0,1,2895.0,2895.0,-0.41094898929563733,0,1,1
499,LP002602,1,0,0.1440909848247931,0.9558425981868824,0.7526002459312559,360.0,0.0,0,6283.0,6283.0,0.1440909848247931,0,0,0
500,LP002603,0,0,-0.7795558198065489,0.7051469828170629,-0.3897304152463706,480.0,1.0,1,645.0,645.0,-0.7795558198065489,0,0,0
501,LP002606,0,0,-0.36769912118235704,-0.5544873301529852,-0.5444210256141742,360.0,1.0,1,3159.0,3159.0,-0.36769912118235704,0,0,0
502,LP002615,1,2,-0.08821323102608364,1.3689944445262303,0.7407009682106556,360.0,1.0,1,4865.0,4865.0,-0.08821323102608364,0,1,0
503,LP002618,1,1,-0.22173081630003605,1.2588662205847816,-0.09224847223136372,360.0,1.0,0,4050.0,4050.0,-0.22173081630003605,1,1,0
504,LP002619,1,0,-0.26039357718918055,-0.04728187641022622,-0.2588383603197676,300.0,1.0,1,3814.0,3814.0,-0.26039357718918055,1,1,0
505,LP002622,1,2,-0.31019645562265485,0.9558425981868824,1.157175688431665,360.0,1.0,1,3510.0,3510.0,-0.31019645562265485,0,1,0
506,LP002624,1,0,2.5277484887953547,1.7257141264235314,3.9773045082139302,360.0,1.0,1,10171.25,3812.5,2.5277484887953547,0,1,0
507,LP002625,2,0,-0.2982372117883008,-0.5544873301529852,-0.5920181364965753,360.0,1.0,0,3583.0,3583.0,-0.2982372117883008,0,0,0
508,LP002626,1,0,-0.4791002966256548,0.47599819387057035,0.50271541379865,360.0,1.0,1,2479.0,2479.0,-0.4791002966256548,0,1,1
509,LP002634,0,1,1.2874274604406384,-0.5544873301529852,-1.2583776888501907,360.0,1.0,1,10171.25,3812.5,1.2874274604406384,0,0,0
510,LP002637,1,0,-0.29577983291822807,-0.11431644750502108,-0.5444210256141742,360.0,1.0,0,3598.0,3598.0,-0.29577983291822807,1,0,0
511,LP002640,1,1,0.10837707857973587,0.13090695797950908,1.2404706324758672,360.0,1.0,1,6065.0,6065.0,0.10837707857973587,0,1,0
512,LP002643,1,2,-0.3473847891897557,0.14150936463225725,0.026744304974639036,360.0,1.0,1,3283.0,3283.0,-0.3473847891897557,0,1,0
513,LP002648,1,0,-0.5362753116693473,1.725372113305701,-0.9013993572321825,180.0,1.0,0,2130.0,2130.0,-0.5362753116693473,0,1,0
514,LP002652,1,0,0.06742076407852347,0.6993327598139429,1.966326573432484,360.0,1.0,0,5815.0,5815.0,0.06742076407852347,0,0,0
515,LP002659,1,3,-0.3174047669748682,0.6179336377702636,0.05054286041583959,360.0,1.0,1,3466.0,3466.0,-0.3174047669748682,0,1,0
516,LP002670,0,2,-0.5524940122118274,0.003678078146531088,-0.3897304152463706,480.0,1.0,1,2031.0,2031.0,-0.5524940122118274,0,1,0
517,LP002682,1,0,-0.3816242681127693,0.061136281942069534,-0.2707376380403678,360.0,0.0,0,3074.0,3074.0,-0.3816242681127693,1,1,0
518,LP002683,1,0,-0.11802942798296626,0.10046779049258692,0.4670175806368492,360.0,1.0,0,4683.0,4683.0,-0.11802942798296626,0,0,0
519,LP002684,0,0,-0.3282172340031883,-0.5544873301529852,-0.6039174142171756,360.0,1.0,0,3400.0,3400.0,-0.3282172340031883,1,0,0
520,LP002689,1,2,-0.5261181456730466,0.041299521107895545,-1.1988813002471892,360.0,1.0,1,2192.0,2192.0,-0.5261181456730466,1,1,0
521,LP002690,1,0,-0.4756599662075529,-0.5544873301529852,-1.0798885230411865,360.0,1.0,1,2500.0,2500.0,-0.4756599662075529,0,0,0
522,LP002692,1,3,0.044812878473854234,-0.0674606503622308,-0.5444210256141742,360.0,1.0,1,5677.0,5677.0,0.044812878473854234,0,1,1
523,LP002693,1,2,0.41686003940286764,1.8963786722209939,3.9773045082139302,360.0,1.0,1,7948.0,7948.0,0.41686003940286764,0,1,1
524,LP002697,1,0,-0.11852090375698081,0.15929404675944772,-0.21124124943736647,360.0,1.0,0,4680.0,4680.0,-0.11852090375698081,0,0,0
525,LP002699,1,2,1.9817189038651908,-0.5544873301529852,3.0253622905659086,360.0,1.0,1,10171.25,3812.5,1.9817189038651908,0,1,1
526,LP002705,1,0,-0.2667827622513697,-0.5544873301529852,-0.4254282484081714,360.0,1.0,1,3775.0,3775.0,-0.2667827622513697,0,1,0
527,LP002706,1,1,-0.019406622664046805,-0.06540857165524729,0.1814349153424426,360.0,0.0,1,5285.0,5285.0,-0.019406622664046805,1,1,0
528,LP002714,1,1,-0.44633524502468486,-0.10918625073756229,-0.6158166919377758,360.0,1.0,1,2679.0,2679.0,-0.44633524502468486,1,0,0
529,LP002716,1,0,0.2260036138272179,-0.5544873301529852,-0.18744269399616592,360.0,1.0,1,6783.0,6783.0,0.2260036138272179,1,0,0
530,LP002717,1,0,-0.717302221764706,1.3265848179152375,0.8358951899754578,360.0,1.0,1,1025.0,1025.0,-0.717302221764706,0,1,0
531,LP002720,1,3,-0.1838871817009158,-0.5544873301529852,-0.5444210256141742,360.0,1.0,1,4281.0,4281.0,-0.1838871817009158,0,1,0
532,LP002723,1,2,-0.2974180854982766,-0.5544873301529852,-0.4254282484081714,360.0,0.0,0,3588.0,3588.0,-0.2974180854982766,0,0,0
533,LP002729,1,1,0.957811041334881,-0.5544873301529852,0.5979096355634522,360.0,1.0,0,10171.25,3812.5,0.957811041334881,0,0,0
534,LP002731,0,0,2.0906627004384157,-0.5544873301529852,-0.2469390825991673,360.0,1.0,1,10171.25,3812.5,2.0906627004384157,1,0,1
535,LP002732,1,0,-0.46746870330731044,0.14390345645707134,-0.23503980487856702,360.0,1.0,1,2550.0,2550.0,-0.46746870330731044,1,0,0
536,LP002734,1,0,0.11951719612406565,0.7814159080932835,2.1210171838002876,360.0,1.0,1,6133.0,6133.0,0.11951719612406565,0,1,0
537,LP002738,1,2,-0.29266715301613594,-0.5544873301529852,-0.46112608156997226,360.0,1.0,1,3617.0,3617.0,-0.29266715301613594,0,0,0
538,LP002739,1,0,-0.40734483361953067,-0.3711682989957912,-0.9489964681145835,360.0,1.0,0,2917.0,2917.0,-0.40734483361953067,1,1,0
539,LP002740,1,3,0.16604356939744294,-0.5544873301529852,0.1338378044600415,180.0,1.0,1,6417.0,6417.0,0.16604356939744294,0,1,0
540,LP002741,0,1,-0.13031632233333,0.4185399900750319,-0.06844991679016317,180.0,1.0,1,4608.0,4608.0,-0.13031632233333,0,1,0
541,LP002743,0,0,-0.5349647096053085,-0.5544873301529852,-0.5563203033347744,360.0,0.0,0,2138.0,2138.0,-0.5349647096053085,0,0,0
542,LP002753,0,1,-0.2869332689859662,-0.5544873301529852,-0.6039174142171756,360.0,1.0,1,3652.0,3652.0,-0.2869332689859662,0,0,0
543,LP002755,1,1,-0.5184183585468186,0.3087537792514138,-0.21124124943736647,360.0,1.0,1,2239.0,2239.0,-0.5184183585468186,1,1,0
544,LP002757,0,0,-0.3909623078190457,-0.32773263303130673,-0.5206224701729736,360.0,1.0,1,3017.0,3017.0,-0.3909623078190457,1,1,0
545,LP002767,1,0,-0.4317547970622532,0.11243824961665744,0.11003924901884096,360.0,1.0,1,2768.0,2768.0,-0.4317547970622532,0,1,0
546,LP002768,1,0,-0.33509789483939195,-0.5544873301529852,-0.7824065800261797,36.0,1.0,0,3358.0,3358.0,-0.33509789483939195,1,0,0
547,LP002772,1,0,-0.47140050949942686,0.05532205893894957,-0.00895352818716179,360.0,1.0,1,2526.0,2526.0,-0.47140050949942686,0,0,0
548,LP002776,0,0,-0.06609682119542894,-0.5544873301529852,-0.5087231924523733,360.0,0.0,0,5000.0,5000.0,-0.06609682119542894,0,0,0
549,LP002777,1,0,-0.4289697676761708,0.1350111153934761,-0.4254282484081714,360.0,1.0,1,2785.0,2785.0,-0.4289697676761708,0,1,0
550,LP002778,1,2,0.20142982512649044,-0.5544873301529852,-0.21124124943736647,360.0,0.0,0,6633.0,6633.0,0.20142982512649044,0,1,1
551,LP002784,1,1,-0.47697056827159173,0.25779382469465645,-0.21124124943736647,360.0,1.0,1,2492.0,2492.0,-0.47697056827159173,1,1,0
552,LP002785,1,1,-0.3391935262895132,0.5570553027964192,0.1457370821806418,360.0,1.0,1,3333.0,3333.0,-0.3391935262895132,0,1,0
553,LP002788,1,0,-0.483195928075776,0.24342927374577186,0.41942046975444813,360.0,0.0,0,2454.0,2454.0,-0.483195928075776,1,1,0
554,LP002789,1,0,-0.2965989592082523,0.9045406305122945,-0.16364413855496537,180.0,0.0,0,3593.0,3593.0,-0.2965989592082523,0,1,0
555,LP002792,1,1,0.010573399550840669,-0.2015297925518205,-1.4249675769385945,360.0,1.0,1,5468.0,5468.0,0.010573399550840669,0,1,0
556,LP002794,0,0,-0.44830114812074306,0.0012839863217169861,-0.7348094691437785,360.0,1.0,1,2667.0,2667.0,-0.44830114812074306,0,0,0
557,LP002795,1,3,0.7758011796914931,-0.5544873301529852,1.3594634096818698,360.0,1.0,1,10139.0,10139.0,0.7758011796914931,0,1,1
558,LP002798,1,0,-0.24843433335482654,0.35834568133684874,0.1933341930630429,360.0,1.0,1,3887.0,3887.0,-0.24843433335482654,0,1,0
559,LP002804,0,0,-0.20043353275940562,0.23419491956434604,0.43131974747504837,360.0,1.0,1,4180.0,4180.0,-0.20043353275940562,0,1,0
560,LP002807,1,2,-0.28316528805185465,-0.4717201556379834,-0.44922680384937197,360.0,1.0,1,3675.0,3675.0,-0.28316528805185465,1,1,0
561,LP002813,0,1,2.306748215746812,-0.5544873301529852,5.405217834685963,360.0,1.0,1,10171.25,3812.5,2.306748215746812,0,1,1
562,LP002820,1,0,0.08511389194304723,0.14800761387103836,0.7763988013724563,360.0,1.0,1,5923.0,5923.0,0.08511389194304723,0,1,0
563,LP002821,1,0,0.06496338520845074,-0.5544873301529852,-0.16364413855496537,360.0,1.0,1,5800.0,5800.0,0.06496338520845074,1,0,1
564,LP002832,1,2,0.5562753339649946,-0.5544873301529852,1.3356648542406693,360.0,0.0,0,8799.0,8799.0,0.5562753339649946,0,1,0
565,LP002833,1,0,-0.15341568371201378,-0.5544873301529852,-0.3064354712021687,360.0,1.0,1,4467.0,4467.0,-0.15341568371201378,1,1,0
566,LP002836,1,0,-0.3391935262895132,-0.5544873301529852,-0.9013993572321825,360.0,1.0,1,3333.0,3333.0,-0.3391935262895132,0,0,0
567,LP002837,1,3,-0.3282172340031883,0.30054546442347974,-0.2707376380403678,360.0,0.0,0,3400.0,3400.0,-0.3282172340031883,0,1,0
568,LP002840,0,0,-0.49564664768414457,-0.5544873301529852,-1.627255298188799,360.0,1.0,0,2378.0,2378.0,-0.49564664768414457,0,0,0
569,LP002841,1,0,-0.3665523443763231,0.15142774504934423,-0.49682391473177306,360.0,0.0,0,3166.0,3166.0,-0.3665523443763231,0,1,0
570,LP002842,1,1,-0.32543220461710587,0.04403562605054023,0.47891685835744946,360.0,1.0,1,3417.0,3417.0,-0.32543220461710587,0,1,0
571,LP002847,1,0,-0.04709309126686639,-0.05822629618080497,0.2290320262248437,360.0,0.0,0,5116.0,5116.0,-0.04709309126686639,0,1,0
572,LP002855,1,2,1.8450886386891463,-0.5544873301529852,1.537952575490874,360.0,1.0,1,10171.25,3812.5,1.8450886386891463,0,1,0
573,LP002862,1,2,0.11820659406002686,0.0012839863217169861,0.49081613607804975,480.0,1.0,0,6125.0,6125.0,0.11820659406002686,1,1,0
574,LP002863,1,3,0.16424149155938958,-0.5544873301529852,0.05054286041583959,360.0,1.0,0,6406.0,6406.0,0.16424149155938958,0,1,0
575,LP002868,1,2,-0.36769912118235704,-0.3968192828330851,-0.44922680384937197,84.0,1.0,1,3159.0,3159.0,-0.36769912118235704,0,1,0
576,LP002872,2,0,-0.37949453975870623,0.2013616602526098,-0.11604702767256427,360.0,0.0,0,3087.0,3087.0,-0.37949453975870623,0,1,0
577,LP002874,1,0,-0.3562313531220176,0.3822865995849898,-0.4254282484081714,360.0,1.0,1,3229.0,3229.0,-0.3562313531220176,0,0,0
578,LP002877,1,1,-0.5932865014550349,0.20888594884488268,-0.46112608156997226,360.0,1.0,1,1782.0,1782.0,-0.5932865014550349,0,1,0
579,LP002888,1,0,-0.3639311402482455,0.4431649345588341,0.1814349153424426,360.0,1.0,1,3182.0,3182.0,-0.3639311402482455,0,0,0
580,LP002892,1,2,0.18619407613203942,-0.5544873301529852,0.7050031350488547,360.0,1.0,1,6540.0,6540.0,0.18619407613203942,0,1,0
581,LP002893,1,0,-0.584439937522773,11.018210537880554,-0.6634138028201769,360.0,1.0,0,1836.0,1836.0,-0.584439937522773,0,0,0
582,LP002894,0,0,-0.3665523443763231,-0.5544873301529852,-1.3059747997325917,360.0,1.0,1,3166.0,3166.0,-0.3665523443763231,0,1,0
583,LP002898,1,1,-0.5772316261705597,-0.5544873301529852,-1.0084928567175848,360.0,1.0,0,1880.0,1880.0,-0.5772316261705597,0,1,0
584,LP002911,1,1,-0.4286421171601611,0.10115181672824809,0.002945749533438485,360.0,0.0,0,2787.0,2787.0,-0.4286421171601611,0,1,0
585,LP002912,1,1,-0.1835595311849061,0.4715520233387727,0.31232697026904566,84.0,1.0,0,4283.0,4283.0,-0.1835595311849061,0,1,0
586,LP002916,1,0,-0.5089164935825374,-0.03394336481483337,-0.49682391473177306,360.0,1.0,1,2297.0,2297.0,-0.5089164935825374,0,1,0
587,LP002917,0,0,-0.5305414276391776,-0.5544873301529852,-0.9013993572321825,360.0,1.0,1,2165.0,2165.0,-0.5305414276391776,1,0,0
588,LP002925,2,0,-0.10705313569664134,-0.5544873301529852,-0.6158166919377758,360.0,1.0,1,4750.0,4750.0,-0.10705313569664134,0,0,0
589,LP002926,1,2,-0.4386354578984569,-0.5544873301529852,-0.4730253592905725,360.0,0.0,0,2726.0,2726.0,-0.4386354578984569,0,1,1
590,LP002928,1,0,-0.3937473372051281,0.6138294803562965,-1.0679892453205864,180.0,1.0,1,3000.0,3000.0,-0.3937473372051281,0,1,0
591,LP002931,1,2,0.09772843680942066,-0.5544873301529852,0.7050031350488547,240.0,1.0,0,6000.0,6000.0,0.09772843680942066,0,1,1
592,LP002933,2,3,0.6476898279317007,-0.5544873301529852,1.7402402967410786,360.0,1.0,1,9357.0,9357.0,0.6476898279317007,0,0,1
593,LP002936,1,0,-0.2530214405789623,0.5741559586879486,-0.044651361348962616,180.0,1.0,1,3859.0,3859.0,-0.2530214405789623,0,1,0
594,LP002938,1,0,1.7556400478184984,-0.5544873301529852,1.3594634096818698,360.0,1.0,1,10171.25,3812.5,1.7556400478184984,0,1,1
595,LP002940,1,0,-0.2572808972870884,-0.5544873301529852,-0.4254282484081714,360.0,1.0,1,3833.0,3833.0,-0.2572808972870884,1,0,0
596,LP002941,1,2,0.16047351062527804,-0.21247421232239924,0.49081613607804975,360.0,1.0,0,6383.0,6383.0,0.16047351062527804,1,1,1
597,LP002943,1,0,-0.39587706555919117,-0.5544873301529852,-0.6872123582613775,360.0,0.0,0,2987.0,2987.0,-0.39587706555919117,0,0,0
598,LP002945,1,0,0.7469679342826396,-0.5544873301529852,0.40752119203384785,360.0,1.0,1,9963.0,9963.0,0.7469679342826396,0,1,1
599,LP002948,1,2,0.061686880048353744,-0.5544873301529852,0.5503125246810512,360.0,1.0,1,5780.0,5780.0,0.061686880048353744,0,1,0
600,LP002949,0,3,-0.8170718038896595,13.696173250494041,2.4303984045358944,180.0,1.0,0,416.0,416.0,-0.8170718038896595,0,0,0
601,LP002950,1,0,-0.4111128145536422,0.4004132948300108,0.11003924901884096,360.0,1.0,1,2894.0,2894.0,-0.4111128145536422,1,1,0
602,LP002953,1,3,0.04907233518198032,-0.5544873301529852,-0.21124124943736647,360.0,1.0,1,5703.0,5703.0,0.04907233518198032,0,1,0
603,LP002958,1,0,-0.2830014627938498,0.916511089636365,0.31232697026904566,360.0,1.0,1,3676.0,3676.0,-0.2830014627938498,0,0,0
604,LP002959,0,1,1.0806799848385182,-0.5544873301529852,4.167692951743534,360.0,1.0,1,10171.25,3812.5,1.0806799848385182,0,1,0
605,LP002960,1,0,-0.4920424920080379,0.7451625176032415,-0.21124124943736647,180.0,1.0,0,2400.0,2400.0,-0.4920424920080379,1,1,0
606,LP002961,1,1,-0.3282172340031883,0.30054546442347974,0.3242262479896459,360.0,1.0,1,3400.0,3400.0,-0.3282172340031883,0,1,0
607,LP002964,1,2,-0.23205180755434157,-0.07190682089402842,0.1338378044600415,360.0,1.0,1,3987.0,3987.0,-0.23205180755434157,1,1,0
608,LP002974,1,0,-0.355739877348003,0.11243824961665744,-0.44922680384937197,360.0,1.0,1,3232.0,3232.0,-0.355739877348003,0,1,0
609,LP002978,0,0,-0.4101298630056131,-0.5544873301529852,-0.8895000795115822,360.0,1.0,1,2900.0,2900.0,-0.4101298630056131,0,0,0
610,LP002979,1,3,-0.21255660185176448,-0.5544873301529852,-1.2583776888501907,180.0,1.0,1,4106.0,4106.0,-0.21255660185176448,0,1,0
611,LP002983,1,1,0.437174371395469,-0.4724041818736446,1.276168465637668,360.0,1.0,1,8072.0,8072.0,0.437174371395469,0,1,0
612,LP002984,1,2,0.35706382023109756,-0.5544873301529852,0.49081613607804975,360.0,1.0,1,7583.0,7583.0,0.35706382023109756,0,1,0
613,LP002990,0,0,-0.13441195378345122,-0.5544873301529852,-0.1517448608343651,360.0,0.0,0,4583.0,4583.0,-0.13441195378345122,0,0,1
